id,clusterId,Date,connectionTime,Num. Rep.,disconnectTime,Time Diff,Session Length,Avg.Sess.,donechargingTime,kWhDelivered,Avg. Consump,sessionId,siteId,spaceID,stationID,timezone,userID,Precip Type,temperature,Avg. Humidity,Avg Wind Speed(mph),Wind Bearing(degrees),Visibility(km),Loud Cover,Pressure(millibar),Daily summary
5bc90cb9f9af8b0d7fe77cd2,39,"Wed, 25 Apr 2018", 11:08:04 ,11.13,13:20:10 GMT,02:12:06,2.2,5.659264214,"Wed, 25 Apr 2018 13:21:10 GMT",7.932,8.88,2_39_78_362_2018-04-25 11:08:04.400812,2,CA-496,2-39-78-362,America/Los_Angeles,,rain,24.37222222,34.846153,13.54,300,9.9015,0,1004.55,Mostly cloudy .
5bc90cb9f9af8b0d7fe77cd3,39,"Wed, 25 Apr 2018",13:45:10,13.75, 00:56:16 GMT,11:11:06,11.19,5.670872483,"Wed, 25 Apr 2018 16:44:15 GMT",10.013,8.88,2_39_95_27_2018-04-25 13:45:09.617470,2,CA-319,2-39-95-27,America/Los_Angeles,,rain,24.37222222,34.846153,13.54,300,9.9015,0,1004.55,Mostly cloudy .
5bc90cb9f9af8b0d7fe77cd4,39,"Wed, 25 Apr 2018", 13:45:50 ,13.76, 23:04:45 GMT,10:19:45,10.33,5.652289562,"Wed, 25 Apr 2018 14:51:44 GMT",5.257,8.88,2_39_79_380_2018-04-25 13:45:49.962001,2,CA-489,2-39-79-380,America/Los_Angeles,,rain,24.37222222,34.846153,13.54,300,9.9015,0,1004.55,Mostly cloudy .
5bc90cb9f9af8b0d7fe77cd5,39,"Wed, 25 Apr 2018", 14:37:06 ,14.62, 23:55:34 GMT,09:18:28,9.31,5.636486486,"Wed, 25 Apr 2018 16:05:22 GMT",5.177,8.89,2_39_79_379_2018-04-25 14:37:06.460772,2,CA-327,2-39-79-379,America/Los_Angeles,,rain,24.37222222,34.846153,13.54,300,9.9015,0,1004.55,Mostly cloudy .
5bc90cb9f9af8b0d7fe77cd6,39,"Wed, 25 Apr 2018", 14:40:34 ,14.68, 23:03:12 GMT,08:22:38,8.38,5.624033898,"Wed, 25 Apr 2018 17:40:30 GMT",10.119,8.90,2_39_79_381_2018-04-25 14:40:33.638896,2,CA-490,2-39-79-381,America/Los_Angeles,,rain,24.37222222,34.846153,13.54,300,9.9015,0,1004.55,Mostly cloudy .
5bc90cb9f9af8b0d7fe77cd7,39,"Wed, 25 Apr 2018", 14:43:50 ,14.73, 01:17:30 GMT,10:33:40,10.56,5.614659864,"Wed, 25 Apr 2018 16:18:28 GMT",7.91,8.90,2_39_139_28_2018-04-25 14:43:49.647430,2,CA-303,2-39-139-28,America/Los_Angeles,,rain,24.37222222,34.846153,13.54,300,9.9015,0,1004.55,Mostly cloudy .
5bc90cb9f9af8b0d7fe77cd8,39,"Wed, 25 Apr 2018", 14:47:42 ,14.8, 18:27:51 GMT,03:40:09,3.67,5.59778157,"Wed, 25 Apr 2018 18:27:42 GMT",15.294,8.90,2_39_91_441_2018-04-25 14:47:41.776352,2,CA-499,2-39-91-441,America/Los_Angeles,,rain,24.37222222,34.846153,13.54,300,9.9015,0,1004.55,Mostly cloudy .
5bc90cb9f9af8b0d7fe77cd9,39,"Wed, 25 Apr 2018",14:58:25,14.97,19:06:29 GMT,04:08:04,4.13,5.604383562,"Wed, 25 Apr 2018 16:48:29 GMT",6.953,8.88,2_39_79_377_2018-04-25 14:58:25.255583,2,CA-325,2-39-79-377,America/Los_Angeles,,rain,24.37222222,34.846153,13.54,300,9.9015,0,1004.55,Mostly cloudy .
5bc90cb9f9af8b0d7fe77cda,39,"Wed, 25 Apr 2018", 15:10:52 ,15.18, 18:15:46 GMT,03:04:54,3.08,5.609450172,"Wed, 25 Apr 2018 16:07:56 GMT",2.174,8.89,2_39_79_382_2018-04-25 15:10:51.871020,2,CA-491,2-39-79-382,America/Los_Angeles,,rain,24.37222222,34.846153,13.54,300,9.9015,0,1004.55,Mostly cloudy .
5bc90cb9f9af8b0d7fe77cdb,39,"Wed, 25 Apr 2018",15:12:11,15.2, 18:29:21 GMT,03:17:10,3.29,5.618172414,"Wed, 25 Apr 2018 18:30:20 GMT",2.439,8.91,2_39_78_362_2018-04-25 15:12:10.901351,2,CA-496,2-39-78-362,America/Los_Angeles,,rain,24.37222222,34.846153,13.54,300,9.9015,0,1004.55,Mostly cloudy .
5bc90cb9f9af8b0d7fe77cdc,39,"Wed, 25 Apr 2018", 15:14:06 ,15.24,18:33:30 GMT,03:19:24,3.32,5.626228374,"Wed, 25 Apr 2018 18:33:20 GMT",6.955,8.93,2_39_78_366_2018-04-25 15:14:06.329009,2,CA-323,2-39-78-366,America/Los_Angeles,,rain,24.37222222,34.846153,13.54,300,9.9015,0,1004.55,Mostly cloudy .
5bc90cb9f9af8b0d7fe77cdd,39,"Wed, 25 Apr 2018", 15:14:41 ,15.24,02:26:03 GMT,11:11:22,11.19,5.634236111,"Wed, 25 Apr 2018 16:18:11 GMT",3.249,8.94,2_39_91_437_2018-04-25 15:14:41.260754,2,CA-317,2-39-91-437,America/Los_Angeles,,rain,24.37222222,34.846153,13.54,300,9.9015,0,1004.55,Mostly cloudy .
5bc90cb9f9af8b0d7fe77cde,39,"Wed, 25 Apr 2018", 15:14:49 ,15.25, 23:52:50 GMT,08:38:01,8.63,5.614878049,"Wed, 25 Apr 2018 16:42:00 GMT",2.72,8.96,2_39_78_361_2018-04-25 15:14:48.537248,2,CA-493,2-39-78-361,America/Los_Angeles,,rain,24.37222222,34.846153,13.54,300,9.9015,0,1004.55,Mostly cloudy .
5bc90cb9f9af8b0d7fe77cdf,39,"Wed, 25 Apr 2018", 15:20:56 ,15.35, 23:49:32 GMT,08:28:36,8.48,5.604335664,"Wed, 25 Apr 2018 16:07:41 GMT",2.575,8.98,2_39_78_360_2018-04-25 15:20:55.688491,2,CA-322,2-39-78-360,America/Los_Angeles,,rain,24.37222222,34.846153,13.54,300,9.9015,0,1004.55,Mostly cloudy .
5bc90cb9f9af8b0d7fe77ce0,39,"Wed, 25 Apr 2018", 15:30:31 ,15.51, 19:47:51 GMT,04:17:20,4.29,5.594245614,"Wed, 25 Apr 2018 18:54:57 GMT",5.4,9.00,2_39_125_21_2018-04-25 15:30:31.466431,2,CA-311,2-39-125-21,America/Los_Angeles,,rain,24.37222222,34.846153,13.54,300,9.9015,0,1004.55,Mostly cloudy .
5bc90cb9f9af8b0d7fe77ce1,39,"Wed, 25 Apr 2018", 15:31:42 ,15.53, 00:57:15 GMT,09:25:33,9.43,5.598838028,"Wed, 25 Apr 2018 18:26:57 GMT",4.929,9.02,2_39_78_365_2018-04-25 15:31:42.314475,2,CA-321,2-39-78-365,America/Los_Angeles,,rain,24.37222222,34.846153,13.54,300,9.9015,0,1004.55,Mostly cloudy .
5bc90cb9f9af8b0d7fe77ce2,39,"Wed, 25 Apr 2018", 15:33:45 ,15.56, 00:42:15 GMT,09:08:30,9.14,5.585300353,"Wed, 25 Apr 2018 17:49:46 GMT",4.043,9.03,2_39_127_19_2018-04-25 15:33:45.414350,2,CA-309,2-39-127-19,America/Los_Angeles,,rain,24.37222222,34.846153,13.54,300,9.9015,0,1004.55,Mostly cloudy .
5bc90cb9f9af8b0d7fe77ce3,39,"Wed, 25 Apr 2018", 15:44:42 ,15.75, 00:41:45 GMT,08:57:03,8.95,5.572695035,"Wed, 25 Apr 2018 17:40:09 GMT",2.49,9.05,2_39_79_383_2018-04-25 15:44:41.818763,2,CA-492,2-39-79-383,America/Los_Angeles,,rain,24.37222222,34.846153,13.54,300,9.9015,0,1004.55,Mostly cloudy .
5bc90cb9f9af8b0d7fe77ce4,39,"Wed, 25 Apr 2018", 15:48:23 ,15.81, 00:32:18 GMT,08:43:55,8.73,5.560676157,"Wed, 25 Apr 2018 18:06:06 GMT",5.95,9.07,2_39_89_25_2018-04-25 15:48:22.693006,2,CA-315,2-39-89-25,America/Los_Angeles,,rain,24.37222222,34.846153,13.54,300,9.9015,0,1004.55,Mostly cloudy .
5bc90cb9f9af8b0d7fe77ce5,39,"Wed, 25 Apr 2018", 15:51:21 ,15.89, 00:32:44 GMT,08:41:23,8.69,5.549357143,"Wed, 25 Apr 2018 17:56:52 GMT",4.474,9.08,2_39_95_444_2018-04-25 15:51:20.521751,2,CA-497,2-39-95-444,America/Los_Angeles,,rain,24.37222222,34.846153,13.54,300,9.9015,0,1004.55,Mostly cloudy .
5bc90cb9f9af8b0d7fe77ce6,39,"Wed, 25 Apr 2018",15:53:29,15.89, 00:28:12 GMT,08:34:43,8.58,5.538100358,"Wed, 25 Apr 2018 19:55:15 GMT",6.531,9.10,2_39_124_22_2018-04-25 15:53:29.117069,2,CA-312,2-39-124-22,America/Los_Angeles,,rain,24.37222222,34.846153,13.54,300,9.9015,0,1004.55,Mostly cloudy .
5bc90cb9f9af8b0d7fe77ce7,39,"Wed, 25 Apr 2018", 15:57:29 ,15.97, 01:28:29 GMT,09:31:00,9.52,5.527158273,"Wed, 25 Apr 2018 18:23:12 GMT",6.023,9.11,2_39_89_439_2018-04-25 15:57:29.146101,2,CA-501,2-39-89-439,America/Los_Angeles,,rain,24.37222222,34.846153,13.54,300,9.9015,0,1004.55,Mostly cloudy .
5bc90cb9f9af8b0d7fe77ce8,39,"Wed, 25 Apr 2018", 15:59:24 ,15.99, 00:51:51 GMT,08:52:27,8.87,5.512743682,"Wed, 25 Apr 2018 18:27:10 GMT",9.553,9.12,2_39_92_442_2018-04-25 15:59:23.996834,2,CA-498,2-39-92-442,America/Los_Angeles,,rain,24.37222222,34.846153,13.54,300,9.9015,0,1004.55,Mostly cloudy .
5bc90cb9f9af8b0d7fe77ce9,39,"Wed, 25 Apr 2018", 16:01:26 ,16.02,00:33:06 GMT,08:31:40,8.53,5.50057971,"Thu, 26 Apr 2018 00:14:16 GMT",14.693,9.12,2_39_123_23_2018-04-25 16:01:25.950919,2,CA-313,2-39-123-23,America/Los_Angeles,,rain,24.37222222,34.846153,13.54,300,9.9015,0,1004.55,Mostly cloudy .
5bc90cb9f9af8b0d7fe77cea,39,"Wed, 25 Apr 2018", 16:02:03 ,16.03, 21:31:50 GMT,05:29:47,5.5,5.489563636,"Wed, 25 Apr 2018 17:14:25 GMT",2.207,9.10,2_39_90_440_2018-04-25 16:02:03.486354,2,CA-500,2-39-90-440,America/Los_Angeles,,rain,24.37222222,34.846153,13.54,300,9.9015,0,1004.55,Mostly cloudy .
5bc90cb9f9af8b0d7fe77ceb,39,"Wed, 25 Apr 2018", 16:02:10 ,16.04, 19:27:55 GMT,03:25:45,3.43,5.489525547,"Wed, 25 Apr 2018 19:27:51 GMT",9.153,9.12,2_39_78_364_2018-04-25 16:02:09.867816,2,CA-495,2-39-78-364,America/Los_Angeles,,rain,24.37222222,34.846153,13.54,300,9.9015,0,1004.55,Mostly cloudy .
5bc90cb9f9af8b0d7fe77cec,39,"Wed, 25 Apr 2018", 16:03:59,16.07,23:57:15 GMT,07:53:16,7.89,5.497069597,"Wed, 25 Apr 2018 22:19:58 GMT",17.446,9.12,2_39_88_24_2018-04-25 16:03:58.630483,2,CA-314,2-39-88-24,America/Los_Angeles,,rain,24.37222222,34.846153,13.54,300,9.9015,0,1004.55,Mostly cloudy .
5bc90cb9f9af8b0d7fe77ced,39,"Wed, 25 Apr 2018", 16:04:31 ,16.08, 25:42:00 GMT,09:37:29,9.62,5.488272059,"Wed, 25 Apr 2018 18:13:16 GMT",4.548,9.09,2_39_90_26_2018-04-25 16:04:30.761826,2,CA-316,2-39-90-26,America/Los_Angeles,,rain,24.37222222,34.846153,13.54,300,9.9015,0,1004.55,Mostly cloudy .
5bc90cb9f9af8b0d7fe77cee,39,"Wed, 25 Apr 2018",16:25:51,16.43, 22:30:46 GMT,06:04:55,6.08,5.47302583,"Wed, 25 Apr 2018 22:30:41 GMT",32.708,9.11,2_39_88_438_2018-04-25 16:25:51.104829,2,CA-502,2-39-88-438,America/Los_Angeles,,rain,24.37222222,34.846153,13.54,300,9.9015,0,1004.55,Mostly cloudy .
5bc90cb9f9af8b0d7fe77cef,39,"Wed, 25 Apr 2018",16:38:01,16.63,00:00:51 GMT,07:22:50,7.38,5.470777778,"Wed, 25 Apr 2018 18:48:11 GMT",6.764,9.02,2_39_78_363_2018-04-25 16:38:01.120020,2,CA-320,2-39-78-363,America/Los_Angeles,,rain,24.37222222,34.846153,13.54,300,9.9015,0,1004.55,Mostly cloudy .
5bc90cb9f9af8b0d7fe77cf0,39,"Wed, 25 Apr 2018", 16:52:05 ,16.87,01:53:12 GMT,09:01:07,9.02,5.463680297,"Wed, 25 Apr 2018 21:40:57 GMT",10.879,9.03,2_39_79_378_2018-04-25 16:52:05.160592,2,CA-326,2-39-79-378,America/Los_Angeles,,rain,24.37222222,34.846153,13.54,300,9.9015,0,1004.55,Mostly cloudy .
5bc90cb9f9af8b0d7fe77cf1,39,"Wed, 25 Apr 2018", 17:06:18 ,17.11, 02:10:51 GMT,09:04:33,9.08,5.450410448,"Wed, 25 Apr 2018 19:21:33 GMT",5.07,9.02,2_39_123_557_2018-04-25 17:06:18.267849,2,CA-503,2-39-123-557,America/Los_Angeles,,rain,24.37222222,34.846153,13.54,300,9.9015,0,1004.55,Mostly cloudy .
5bc90cb9f9af8b0d7fe77cf2,39,"Wed, 25 Apr 2018",18:22:03,18.37, 00:24:02 GMT,06:01:59,6.03,5.436816479,"Thu, 26 Apr 2018 01:41:10 GMT",6.337,9.04,2_39_79_382_2018-04-25 18:22:03.219076,2,CA-491,2-39-79-382,America/Los_Angeles,,rain,24.37222222,34.846153,13.54,300,9.9015,0,1004.55,Mostly cloudy .
5bc90cb9f9af8b0d7fe77cf3,39,"Wed, 25 Apr 2018",18:47:12,18.79,19:36:38 GMT,00:49:36,0.83,5.434586466,"Wed, 25 Apr 2018 19:36:31 GMT",2.375,9.05,2_39_78_366_2018-04-25 18:47:11.743708,2,CA-323,2-39-78-366,America/Los_Angeles,,rain,24.37222222,34.846153,13.54,300,9.9015,0,1004.55,Mostly cloudy .
5bc90cb9f9af8b0d7fe77cf4,39,"Wed, 25 Apr 2018", 19:32:05 ,19.53,21:46:47 GMT,02:14:42,2.25,5.451962264,"Wed, 25 Apr 2018 21:47:47 GMT",6.523,9.07,2_39_78_362_2018-04-25 19:32:04.994953,2,CA-496,2-39-78-362,America/Los_Angeles,,rain,24.37222222,34.846153,13.54,300,9.9015,0,1004.55,Mostly cloudy .
5bc90cb9f9af8b0d7fe77cf5,39,"Wed, 25 Apr 2018", 19:33:01 ,19.55,23:43:32 GMT,04:11:32,4.19,5.464090909,"Wed, 25 Apr 2018 20:25:58 GMT",2.203,9.08,2_39_78_367_2018-04-25 19:33:01.165970,2,CA-494,2-39-78-367,America/Los_Angeles,,rain,24.37222222,34.846153,13.54,300,9.9015,0,1004.55,Mostly cloudy .
5bc90cb9f9af8b0d7fe77cf6,39,"Wed, 25 Apr 2018",19:40:02,19.67,00:17:12 GMT,04:37:12,4.62,5.468935361,"Wed, 25 Apr 2018 22:07:12 GMT",7.738,9.11,2_39_91_441_2018-04-25 19:40:02.051458,2,CA-499,2-39-91-441,America/Los_Angeles,,rain,24.37222222,34.846153,13.54,300,9.9015,0,1004.55,Mostly cloudy .
5bc90cb9f9af8b0d7fe77cf7,39,"Wed, 25 Apr 2018",19:41:42,19.7, 00:35:28 GMT,04:54:06,4.9,5.472175573,"Wed, 25 Apr 2018 23:12:06 GMT",12.94,9.12,2_39_79_377_2018-04-25 19:41:42.209444,2,CA-325,2-39-79-377,America/Los_Angeles,,rain,24.37222222,34.846153,13.54,300,9.9015,0,1004.55,Mostly cloudy .
5bc90cb9f9af8b0d7fe77cf8,39,"Wed, 25 Apr 2018", 19:43:13 ,19.72, 00:56:23 GMT,05:12:10,5.2,5.474367816,"Thu, 26 Apr 2018 00:56:17 GMT",14.328,9.10,2_39_78_366_2018-04-25 19:43:13.444818,2,CA-323,2-39-78-366,America/Los_Angeles,,rain,24.37222222,34.846153,13.54,300,9.9015,0,1004.55,Mostly cloudy .
5bc90cb9f9af8b0d7fe77cf9,39,"Wed, 25 Apr 2018", 20:14:50 ,20.25,23:56:33 GMT,03:41:43,3.7,5.475423077,"Wed, 25 Apr 2018 23:28:12 GMT",4.189,9.08,2_39_79_376_2018-04-25 20:14:49.585487,2,CA-324,2-39-79-376,America/Los_Angeles,,rain,24.37222222,34.846153,13.54,300,9.9015,0,1004.55,Mostly cloudy .
5bc90cb9f9af8b0d7fe77cfa,39,"Wed, 25 Apr 2018",20:30:49,20.51, 02:52:48 GMT,06:31:59,6.53,5.482277992,"Wed, 25 Apr 2018 21:05:52 GMT",0.829,9.10,2_39_125_21_2018-04-25 20:30:48.546707,2,CA-311,2-39-125-21,America/Los_Angeles,,rain,24.37222222,34.846153,13.54,300,9.9015,0,1004.55,Mostly cloudy .
5bc90cb9f9af8b0d7fe77cfb,39,"Wed, 25 Apr 2018",21:57:42,21.96, 03:06:25 GMT,05:08:43,5.15,5.478217054,"Thu, 26 Apr 2018 03:07:23 GMT",27.743,9.13,2_39_78_362_2018-04-25 21:57:41.664229,2,CA-496,2-39-78-362,America/Los_Angeles,,rain,24.37222222,34.846153,13.54,300,9.9015,0,1004.55,Mostly cloudy .
5bc90cb9f9af8b0d7fe77cfc,39,"Wed, 25 Apr 2018",22:17:32,22.29, 02:07:17 GMT,03:49:45,3.83,5.479494163,"Thu, 26 Apr 2018 01:13:17 GMT",12.692,9.06,2_39_90_440_2018-04-25 22:17:32.279706,2,CA-500,2-39-90-440,America/Los_Angeles,,rain,24.37222222,34.846153,13.54,300,9.9015,0,1004.55,Mostly cloudy .
5bc90cb9f9af8b0d7fe77cfd,39,"Wed, 25 Apr 2018",22:42:48,22.71,23:36:11 GMT,00:53:23,0.89,5.4859375,"Wed, 25 Apr 2018 23:18:46 GMT",1.304,9.05,2_39_88_438_2018-04-25 22:42:48.381752,2,CA-502,2-39-88-438,America/Los_Angeles,,rain,24.37222222,34.846153,13.54,300,9.9015,0,1004.55,Mostly cloudy .
5bc90cb9f9af8b0d7fe77cfe,39,"Thu, 26 Apr 2018", 00:02:16 ,0.04, 02:11:35 GMT,02:09:19,2.16,5.503960784,"Thu, 26 Apr 2018 02:00:58 GMT",11.466,9.08,2_39_79_380_2018-04-26 00:02:15.719927,2,CA-489,2-39-79-380,America/Los_Angeles,,rain,27.38333333,34.864321,11.0768,271,15.7297,0,1011.24,Partly cloudy .
5bc90cb9f9af8b0d7fe77cff,39,"Thu, 26 Apr 2018", 00:03:03 ,0.05, 04:31:41 GMT,04:28:38,4.48,5.517125984,"Thu, 26 Apr 2018 03:32:19 GMT",11.695,9.07,2_39_79_379_2018-04-26 00:03:03.183150,2,CA-327,2-39-79-379,America/Los_Angeles,,rain,27.38333333,34.864321,11.0768,271,15.7297,0,1011.24,Partly cloudy .
5bc90cb9f9af8b0d7fe77d00,39,"Thu, 26 Apr 2018", 00:05:36 ,0.09, 00:31:05 GMT,00:25:29,0.42,5.521225296,"Thu, 26 Apr 2018 00:30:52 GMT",2.87,9.06,2_39_88_438_2018-04-26 00:05:36.143402,2,CA-502,2-39-88-438,America/Los_Angeles,,rain,27.38333333,34.864321,11.0768,271,15.7297,0,1011.24,Partly cloudy .
5bc90cb9f9af8b0d7fe77d01,39,"Thu, 26 Apr 2018", 00:07:10 ,0.12, 04:17:45 GMT,04:10:35,4.18,5.541468254,"Thu, 26 Apr 2018 01:16:50 GMT",2.264,9.08,2_39_79_381_2018-04-26 00:07:09.533117,2,CA-490,2-39-79-381,America/Los_Angeles,,rain,27.38333333,34.864321,11.0768,271,15.7297,0,1011.24,Partly cloudy .
5bc90cb9f9af8b0d7fe77d02,39,"Thu, 26 Apr 2018", 01:21:28 ,1.36, 11:31:13 GMT,10:09:35,10.16,5.54689243,"Thu, 26 Apr 2018 09:20:00 GMT",1.02,9.11,2_39_78_367_2018-04-26 01:21:27.557439,2,CA-494,2-39-78-367,America/Los_Angeles,,rain,27.38333333,34.864321,11.0768,271,15.7297,0,1011.24,Partly cloudy .
5bc90cb9f9af8b0d7fe77d03,39,"Thu, 26 Apr 2018",01:40:29,1.67, 04:00:22 GMT,02:19:53,2.33,5.52844,"Thu, 26 Apr 2018 02:32:53 GMT",5.023,9.14,2_39_139_28_2018-04-26 01:40:28.805199,2,CA-303,2-39-139-28,America/Los_Angeles,,rain,27.38333333,34.864321,11.0768,271,15.7297,0,1011.24,Partly cloudy .
5bc90cb9f9af8b0d7fe77d04,39,"Thu, 26 Apr 2018", 01:48:55 ,1.82,04:00:36 GMT,02:12:01,2.2,5.541285141,"Thu, 26 Apr 2018 03:18:33 GMT",8.693,9.16,2_39_127_19_2018-04-26 01:48:54.561755,2,CA-309,2-39-127-19,America/Los_Angeles,,rain,27.38333333,34.864321,11.0768,271,15.7297,0,1011.24,Partly cloudy .
5bc90cb9f9af8b0d7fe77d05,39,"Thu, 26 Apr 2018", 01:49:57 ,1.83, 03:48:38 GMT,01:58:41,1.98,5.554758065,"Thu, 26 Apr 2018 02:41:30 GMT",4.915,9.16,2_39_138_29_2018-04-26 01:49:57.021388,2,CA-304,2-39-138-29,America/Los_Angeles,,rain,27.38333333,34.864321,11.0768,271,15.7297,0,1011.24,Partly cloudy .
5bc90cb9f9af8b0d7fe77d06,39,"Thu, 26 Apr 2018", 02:17:10 ,2.29, 04:29:39 GMT,02:12:29,2.21,5.569230769,"Thu, 26 Apr 2018 04:29:34 GMT",13.892,9.18,2_39_123_23_2018-04-26 02:17:10.267290,2,CA-313,2-39-123-23,America/Los_Angeles,,rain,27.38333333,34.864321,11.0768,271,15.7297,0,1011.24,Partly cloudy .
5bc90cb9f9af8b0d7fe77d07,39,"Thu, 26 Apr 2018", 02:25:14 ,2.42, 02:36:24 GMT,00:11:10,0.19,5.582886179,"Thu, 26 Apr 2018 02:36:19 GMT",1.155,9.16,2_39_128_18_2018-04-26 02:25:13.890489,2,CA-308,2-39-128-18,America/Los_Angeles,,rain,27.38333333,34.864321,11.0768,271,15.7297,0,1011.24,Partly cloudy .
5bc90cb9f9af8b0d7fe77d08,39,"Thu, 26 Apr 2018", 02:36:02 ,2.6,04:38:47 GMT,02:02:45,2.05,5.604897959,"Thu, 26 Apr 2018 04:34:34 GMT",11.891,9.19,2_39_95_27_2018-04-26 02:36:01.816238,2,CA-319,2-39-95-27,America/Los_Angeles,,rain,27.38333333,34.864321,11.0768,271,15.7297,0,1011.24,Partly cloudy .
5bc90cb9f9af8b0d7fe77d09,39,"Thu, 26 Apr 2018", 02:49:57 ,2.83, 04:24:44 GMT,01:34:47,1.58,5.619467213,"Thu, 26 Apr 2018 04:00:57 GMT",6.956,9.18,2_39_91_437_2018-04-26 02:49:57.469463,2,CA-317,2-39-91-437,America/Los_Angeles,,rain,27.38333333,34.864321,11.0768,271,15.7297,0,1011.24,Partly cloudy .
5bc90cb9f9af8b0d7fe77d0a,39,"Thu, 26 Apr 2018", 03:07:04 ,3.12,03:30:00 GMT,00:22:56,0.38,5.636090535,"Thu, 26 Apr 2018 03:29:55 GMT",2.568,9.19,2_39_128_18_2018-04-26 03:07:04.059557,2,CA-308,2-39-128-18,America/Los_Angeles,,rain,27.38333333,34.864321,11.0768,271,15.7297,0,1011.24,Partly cloudy .
5bc90cb9f9af8b0d7fe77d0b,39,"Thu, 26 Apr 2018", 03:13:44 ,3.23,16:47:48 GMT,13:34:04,13.57,5.657809917,"Thu, 26 Apr 2018 05:32:35 GMT",6.503,9.21,2_39_79_378_2018-04-26 03:13:43.624162,2,CA-326,2-39-79-378,America/Los_Angeles,,rain,27.38333333,34.864321,11.0768,271,15.7297,0,1011.24,Partly cloudy .
5bc90cb9f9af8b0d7fe77d0c,39,"Thu, 26 Apr 2018", 03:33:58 ,3.57, 05:36:31 GMT,02:02:33,2.04,5.624979253,"Thu, 26 Apr 2018 04:46:04 GMT",2.272,9.23,2_39_125_559_2018-04-26 03:33:57.793302,2,CA-505,2-39-125-559,America/Los_Angeles,,rain,27.38333333,34.864321,11.0768,271,15.7297,0,1011.24,Partly cloudy .
5bc90cb9f9af8b0d7fe77d0d,39,"Thu, 26 Apr 2018", 06:20:56 ,6.35,14:09:01 GMT,07:48:05,7.8,5.639916667,"Thu, 26 Apr 2018 14:08:56 GMT",13.926,9.25,2_39_139_28_2018-04-26 06:20:55.934927,2,CA-303,2-39-139-28,America/Los_Angeles,,rain,27.38333333,34.864321,11.0768,271,15.7297,0,1011.24,Partly cloudy .
5bc91212f9af8b0d98ff68ca,39,"Thu, 26 Apr 2018",11:31:17,11.52, 12:51:36 GMT,01:20:19,1.34,5.630878661,"Thu, 26 Apr 2018 12:51:30 GMT",4.632,9.24,2_39_78_364_2018-04-26 11:31:16.750134,2,CA-495,2-39-78-364,America/Los_Angeles,,rain,27.38333333,34.864321,11.0768,271,15.7297,0,1011.24,Partly cloudy .
5bc91212f9af8b0d98ff68cb,39,"Thu, 26 Apr 2018",13:25:08,13.42,01:17:37 GMT,11:52:29,11.87,5.648907563,"Thu, 26 Apr 2018 16:53:27 GMT",12.138,9.25,2_39_95_27_2018-04-26 13:25:08.191051,2,CA-319,2-39-95-27,America/Los_Angeles,,rain,27.38333333,34.864321,11.0768,271,15.7297,0,1011.24,Partly cloudy .
5bc91212f9af8b0d98ff68cc,39,"Thu, 26 Apr 2018",13:54:17,13.9, 23:08:24 GMT,09:14:07,9.24,5.622658228,"Thu, 26 Apr 2018 23:07:12 GMT",7.108,9.24,2_39_79_380_2018-04-26 13:54:16.774334,2,CA-489,2-39-79-380,America/Los_Angeles,,rain,27.38333333,34.864321,11.0768,271,15.7297,0,1011.24,Partly cloudy .
5bc91212f9af8b0d98ff68cd,39,"Thu, 26 Apr 2018",14:47:08,14.79, 00:59:45 GMT,10:12:37,10.21,5.607330508,"Fri, 27 Apr 2018 00:14:02 GMT",13.155,9.25,2_39_139_28_2018-04-26 14:47:07.799179,2,CA-303,2-39-139-28,America/Los_Angeles,,rain,27.38333333,34.864321,11.0768,271,15.7297,0,1011.24,Partly cloudy .
5bc91212f9af8b0d98ff68ce,39,"Thu, 26 Apr 2018", 14:59:44 ,15, 23:51:12 GMT,08:51:28,8.86,5.587744681,"Thu, 26 Apr 2018 16:09:28 GMT",7.186,9.23,2_39_79_376_2018-04-26 14:59:44.094036,2,CA-324,2-39-79-376,America/Los_Angeles,,rain,27.38333333,34.864321,11.0768,271,15.7297,0,1011.24,Partly cloudy .
5bc91212f9af8b0d98ff68cf,39,"Thu, 26 Apr 2018", 15:05:16 ,15.09,00:10:21 GMT,09:05:05,9.08,5.573760684,"Thu, 26 Apr 2018 16:06:18 GMT",2.354,9.24,2_39_79_381_2018-04-26 15:05:15.788498,2,CA-490,2-39-79-381,America/Los_Angeles,,rain,27.38333333,34.864321,11.0768,271,15.7297,0,1011.24,Partly cloudy .
5bc91212f9af8b0d98ff68d0,39,"Thu, 26 Apr 2018", 15:05:56 ,15.1, 23:16:29 GMT,08:10:33,8.18,5.558712446,"Thu, 26 Apr 2018 17:09:59 GMT",13.413,9.27,2_39_88_438_2018-04-26 15:05:55.670467,2,CA-502,2-39-88-438,America/Los_Angeles,,rain,27.38333333,34.864321,11.0768,271,15.7297,0,1011.24,Partly cloudy .
5bc91212f9af8b0d98ff68d1,39,"Thu, 26 Apr 2018", 15:27:50 ,15.46,00:14:34 GMT,08:46:44,8.78,5.547413793,"Thu, 26 Apr 2018 16:32:25 GMT",6.14,9.26,2_39_78_360_2018-04-26 15:27:50.360165,2,CA-322,2-39-78-360,America/Los_Angeles,,rain,27.38333333,34.864321,11.0768,271,15.7297,0,1011.24,Partly cloudy .
5bc91212f9af8b0d98ff68d2,39,"Thu, 26 Apr 2018", 15:28:15 ,15.47, 19:41:54 GMT,04:13:39,4.23,5.533419913,"Thu, 26 Apr 2018 19:00:07 GMT",6.087,9.27,2_39_138_29_2018-04-26 15:28:14.862980,2,CA-304,2-39-138-29,America/Los_Angeles,,rain,27.38333333,34.864321,11.0768,271,15.7297,0,1011.24,Partly cloudy .
5bc91212f9af8b0d98ff68d3,39,"Thu, 26 Apr 2018", 15:45:26 ,15.76, 00:30:02 GMT,08:44:36,8.74,5.539086957,"Thu, 26 Apr 2018 17:48:13 GMT",6.298,9.28,2_39_78_365_2018-04-26 15:45:25.544690,2,CA-321,2-39-78-365,America/Los_Angeles,,rain,27.38333333,34.864321,11.0768,271,15.7297,0,1011.24,Partly cloudy .
5bc91212f9af8b0d98ff68d4,39,"Thu, 26 Apr 2018", 15:46:05 ,15.77, 00:06:32 GMT,08:20:27,8.34,5.52510917,"Thu, 26 Apr 2018 16:55:21 GMT",4.182,9.30,2_39_79_377_2018-04-26 15:46:05.101599,2,CA-325,2-39-79-377,America/Los_Angeles,,rain,27.38333333,34.864321,11.0768,271,15.7297,0,1011.24,Partly cloudy .
5bc91212f9af8b0d98ff68d5,39,"Thu, 26 Apr 2018", 15:46:33 ,15.78, 00:41:11 GMT,08:54:38,8.91,5.512763158,"Thu, 26 Apr 2018 17:17:18 GMT",4.846,9.32,2_39_91_437_2018-04-26 15:46:32.723647,2,CA-317,2-39-91-437,America/Los_Angeles,,rain,27.38333333,34.864321,11.0768,271,15.7297,0,1011.24,Partly cloudy .
5bc91212f9af8b0d98ff68d6,39,"Thu, 26 Apr 2018", 15:47:39 ,15.79,21:46:12 GMT,05:58:33,5.98,5.497797357,"Thu, 26 Apr 2018 16:40:35 GMT",2.65,9.34,2_39_79_383_2018-04-26 15:47:39.378964,2,CA-492,2-39-79-383,America/Los_Angeles,,rain,27.38333333,34.864321,11.0768,271,15.7297,0,1011.24,Partly cloudy .
5bc91212f9af8b0d98ff68d7,39,"Thu, 26 Apr 2018", 15:55:18 ,15.92,19:27:14 GMT,03:31:56,3.53,5.495663717,"Thu, 26 Apr 2018 17:05:02 GMT",2.997,9.37,2_39_90_26_2018-04-26 15:55:17.797592,2,CA-316,2-39-90-26,America/Los_Angeles,,rain,27.38333333,34.864321,11.0768,271,15.7297,0,1011.24,Partly cloudy .
5bc91212f9af8b0d98ff68d8,39,"Thu, 26 Apr 2018", 15:56:04 ,15.93,18:30:00 GMT,02:33:56,2.57,5.5044,"Thu, 26 Apr 2018 16:55:02 GMT",2.68,9.40,2_39_78_367_2018-04-26 15:56:03.627143,2,CA-494,2-39-78-367,America/Los_Angeles,,rain,27.38333333,34.864321,11.0768,271,15.7297,0,1011.24,Partly cloudy .
5bc91212f9af8b0d98ff68d9,39,"Thu, 26 Apr 2018", 15:57:16 ,15.95, 00:33:13 GMT,08:35:57,8.6,5.5175,"Thu, 26 Apr 2018 17:59:37 GMT",3.54,9.43,2_39_126_20_2018-04-26 15:57:15.957331,2,CA-310,2-39-126-20,America/Los_Angeles,,rain,27.38333333,34.864321,11.0768,271,15.7297,0,1011.24,Partly cloudy .
5bc91212f9af8b0d98ff68da,39,"Thu, 26 Apr 2018", 15:59:53 ,16, 23:47:33 GMT,07:47:40,7.79,5.50367713,"Thu, 26 Apr 2018 16:44:39 GMT",1.916,9.45,2_39_89_25_2018-04-26 15:59:52.547723,2,CA-315,2-39-89-25,America/Los_Angeles,,rain,27.38333333,34.864321,11.0768,271,15.7297,0,1011.24,Partly cloudy .
5bc91212f9af8b0d98ff68db,39,"Thu, 26 Apr 2018",16:01:29,16.02, 00:01:37 GMT,08:00:18,8.01,5.493378378,"Thu, 26 Apr 2018 17:33:17 GMT",2.757,9.49,2_39_78_361_2018-04-26 16:01:29.497269,2,CA-493,2-39-78-361,America/Los_Angeles,,rain,27.38333333,34.864321,11.0768,271,15.7297,0,1011.24,Partly cloudy .
5bc91212f9af8b0d98ff68dc,39,"Thu, 26 Apr 2018", 16:01:58 ,16.03, 19:20:15 GMT,03:18:17,3.3,5.48199095,"Thu, 26 Apr 2018 19:20:10 GMT",10.248,9.52,2_39_123_23_2018-04-26 16:01:58.184015,2,CA-313,2-39-123-23,America/Los_Angeles,,rain,27.38333333,34.864321,11.0768,271,15.7297,0,1011.24,Partly cloudy .
5bc91212f9af8b0d98ff68dd,39,"Thu, 26 Apr 2018", 16:07:42 ,16.13, 00:44:12 GMT,08:36:30,8.61,5.491909091,"Fri, 27 Apr 2018 00:28:37 GMT",14,9.51,2_39_125_21_2018-04-26 16:07:42.331384,2,CA-311,2-39-125-21,America/Los_Angeles,,rain,27.38333333,34.864321,11.0768,271,15.7297,0,1011.24,Partly cloudy .
5bc91212f9af8b0d98ff68de,39,"Thu, 26 Apr 2018",16:09:35,16.16,23:56:57 GMT,07:47:22,7.79,5.477671233,"Thu, 26 Apr 2018 23:49:35 GMT",14.01,9.49,2_39_124_22_2018-04-26 16:09:34.799033,2,CA-312,2-39-124-22,America/Los_Angeles,,rain,27.38333333,34.864321,11.0768,271,15.7297,0,1011.24,Partly cloudy .
5bc91212f9af8b0d98ff68df,39,"Thu, 26 Apr 2018",16:20:52,16.35,18:24:32 GMT,02:03:40,2.06,5.46706422,"Thu, 26 Apr 2018 18:24:24 GMT",6.709,9.47,2_39_128_18_2018-04-26 16:20:51.916248,2,CA-308,2-39-128-18,America/Los_Angeles,,rain,27.38333333,34.864321,11.0768,271,15.7297,0,1011.24,Partly cloudy .
5bc91212f9af8b0d98ff68e0,39,"Thu, 26 Apr 2018", 16:21:31 ,16.36,03:18:49 GMT,10:57:18,10.96,5.482764977,"Fri, 27 Apr 2018 03:18:29 GMT",25.981,9.48,2_39_88_24_2018-04-26 16:21:30.898949,2,CA-314,2-39-88-24,America/Los_Angeles,,rain,27.38333333,34.864321,11.0768,271,15.7297,0,1011.24,Partly cloudy .
5bc91212f9af8b0d98ff68e1,39,"Thu, 26 Apr 2018", 16:38:47 ,16.65,00:49:04 GMT,08:10:17,8.17,5.457407407,"Thu, 26 Apr 2018 18:37:00 GMT",4.263,9.41,2_39_90_440_2018-04-26 16:38:46.876156,2,CA-500,2-39-90-440,America/Los_Angeles,,rain,27.38333333,34.864321,11.0768,271,15.7297,0,1011.24,Partly cloudy .
5bc91212f9af8b0d98ff68e2,39,"Thu, 26 Apr 2018", 16:41:12 ,16.69, 19:26:19 GMT,02:45:07,2.75,5.444790698,"Thu, 26 Apr 2018 19:26:14 GMT",5.723,9.43,2_39_91_441_2018-04-26 16:41:11.622709,2,CA-499,2-39-91-441,America/Los_Angeles,,rain,27.38333333,34.864321,11.0768,271,15.7297,0,1011.24,Partly cloudy .
5bc91212f9af8b0d98ff68e3,39,"Thu, 26 Apr 2018",16:53:04,16.88, 01:26:00 GMT,08:32:56,8.55,5.457383178,"Thu, 26 Apr 2018 18:25:40 GMT",4.384,9.45,2_39_92_442_2018-04-26 16:53:04.473197,2,CA-498,2-39-92-442,America/Los_Angeles,,rain,27.38333333,34.864321,11.0768,271,15.7297,0,1011.24,Partly cloudy .
5bc91212f9af8b0d98ff68e4,39,"Thu, 26 Apr 2018",16:58:21,16.97, 00:22:16 GMT,07:23:55,7.4,5.44286385,"Fri, 27 Apr 2018 00:22:10 GMT",9.914,9.47,2_39_78_364_2018-04-26 16:58:20.585146,2,CA-495,2-39-78-364,America/Los_Angeles,,rain,27.38333333,34.864321,11.0768,271,15.7297,0,1011.24,Partly cloudy .
5bc91212f9af8b0d98ff68e5,39,"Thu, 26 Apr 2018", 17:08:18 ,17.14,01:56:01 GMT,08:47:43,8.8,5.433632075,"Fri, 27 Apr 2018 00:56:59 GMT",10.411,9.47,2_39_78_362_2018-04-26 17:08:18.246027,2,CA-496,2-39-78-362,America/Los_Angeles,,rain,27.38333333,34.864321,11.0768,271,15.7297,0,1011.24,Partly cloudy .
5bc91212f9af8b0d98ff68e6,39,"Thu, 26 Apr 2018", 17:11:27 ,17.19,01:22:10 GMT,08:10:43,8.18,5.417677725,"Thu, 26 Apr 2018 20:40:26 GMT",9.026,9.47,2_39_79_378_2018-04-26 17:11:27.137449,2,CA-326,2-39-79-378,America/Los_Angeles,,rain,27.38333333,34.864321,11.0768,271,15.7297,0,1011.24,Partly cloudy .
5bc91212f9af8b0d98ff68e7,39,"Thu, 26 Apr 2018", 17:15:26 ,17.26,01:21:54 GMT,08:06:28,8.11,5.40452381,"Thu, 26 Apr 2018 21:23:13 GMT",14.422,9.47,2_39_95_444_2018-04-26 17:15:25.771871,2,CA-497,2-39-95-444,America/Los_Angeles,,rain,27.38333333,34.864321,11.0768,271,15.7297,0,1011.24,Partly cloudy .
5bc91212f9af8b0d98ff68e8,39,"Thu, 26 Apr 2018", 17:26:50 ,17.45, 01:10:34 GMT,07:43:44,7.73,5.391578947,"Thu, 26 Apr 2018 20:43:34 GMT",18.861,9.45,2_39_89_439_2018-04-26 17:26:50.303622,2,CA-501,2-39-89-439,America/Los_Angeles,,rain,27.38333333,34.864321,11.0768,271,15.7297,0,1011.24,Partly cloudy .
5bc91212f9af8b0d98ff68e9,39,"Thu, 26 Apr 2018", 17:39:42 ,17.66, 00:37:11 GMT,06:57:29,6.96,5.380336538,"Thu, 26 Apr 2018 19:07:32 GMT",5.728,9.40,2_39_123_557_2018-04-26 17:39:41.691514,2,CA-503,2-39-123-557,America/Los_Angeles,,rain,27.38333333,34.864321,11.0768,271,15.7297,0,1011.24,Partly cloudy .
5bc91212f9af8b0d98ff68ea,39,"Thu, 26 Apr 2018", 18:43:12 ,18.72,23:33:27 GMT,04:50:15,4.84,5.372705314,"Thu, 26 Apr 2018 19:51:48 GMT",2.528,9.42,2_39_78_367_2018-04-26 18:43:12.499350,2,CA-494,2-39-78-367,America/Los_Angeles,,rain,27.38333333,34.864321,11.0768,271,15.7297,0,1011.24,Partly cloudy .
5bc91212f9af8b0d98ff68eb,39,"Thu, 26 Apr 2018", 19:38:28 ,19.64,02:43:36 GMT,07:05:08,7.09,5.375291262,"Fri, 27 Apr 2018 00:01:06 GMT",2.628,9.45,2_39_91_441_2018-04-26 19:38:27.747784,2,CA-499,2-39-91-441,America/Los_Angeles,,rain,27.38333333,34.864321,11.0768,271,15.7297,0,1011.24,Partly cloudy .
5bc91212f9af8b0d98ff68ec,39,"Thu, 26 Apr 2018", 20:17:40 ,20.29, 23:38:34 GMT,03:20:54,3.35,5.366926829,"Thu, 26 Apr 2018 20:52:09 GMT",1.306,9.48,2_39_78_366_2018-04-26 20:17:40.431300,2,CA-323,2-39-78-366,America/Los_Angeles,,rain,27.38333333,34.864321,11.0768,271,15.7297,0,1011.24,Partly cloudy .
5bc91212f9af8b0d98ff68ed,39,"Thu, 26 Apr 2018", 20:27:49 ,20.46, 02:57:22 GMT,06:29:33,6.49,5.376813725,"Thu, 26 Apr 2018 21:05:07 GMT",1.801,9.52,2_39_131_30_2018-04-26 20:27:49.123093,2,CA-305,2-39-131-30,America/Los_Angeles,,rain,27.38333333,34.864321,11.0768,271,15.7297,0,1011.24,Partly cloudy .
5bc91212f9af8b0d98ff68ee,39,"Thu, 26 Apr 2018", 21:02:30 ,21.04, 00:20:54 GMT,03:18:24,3.31,5.371330049,"Thu, 26 Apr 2018 22:51:42 GMT",5.576,9.56,2_39_128_18_2018-04-26 21:02:29.696365,2,CA-308,2-39-128-18,America/Los_Angeles,,rain,27.38333333,34.864321,11.0768,271,15.7297,0,1011.24,Partly cloudy .
5bc91212f9af8b0d98ff68ef,39,"Thu, 26 Apr 2018", 21:18:45 ,21.31, 02:52:20 GMT,05:33:35,5.56,5.381534653,"Fri, 27 Apr 2018 01:09:24 GMT",16,9.58,2_39_78_363_2018-04-26 21:18:44.667990,2,CA-320,2-39-78-363,America/Los_Angeles,,rain,27.38333333,34.864321,11.0768,271,15.7297,0,1011.24,Partly cloudy .
5bc91212f9af8b0d98ff68f0,39,"Thu, 26 Apr 2018", 23:04:49 ,23.08,23:47:16 GMT,00:42:27,0.71,5.380646766,"Thu, 26 Apr 2018 23:32:07 GMT",0.852,9.55,2_39_91_437_2018-04-26 23:04:48.644211,2,CA-317,2-39-91-437,America/Los_Angeles,,rain,27.38333333,34.864321,11.0768,271,15.7297,0,1011.24,Partly cloudy .
5bc91212f9af8b0d98ff68f1,39,"Fri, 27 Apr 2018",01:17:43,1.3, 01:51:04 GMT,00:33:21,0.56,5.404,"Fri, 27 Apr 2018 01:51:00 GMT",1.829,9.59,2_39_138_29_2018-04-27 01:17:42.537477,2,CA-304,2-39-138-29,America/Los_Angeles,,rain,25.41666667,35.749231,10.2361,295,14.168,0,1015.59,Partly cloudy .
5bc91212f9af8b0d98ff68f2,39,"Fri, 27 Apr 2018", 01:22:57 ,1.38, 05:44:03 GMT,04:21:06,4.35,5.428341709,"Fri, 27 Apr 2018 17:43:11 GMT",13.927,9.63,2_39_125_21_2018-04-27 01:22:56.974212,2,CA-311,2-39-125-21,America/Los_Angeles,,rain,25.41666667,35.749231,10.2361,295,14.168,0,1015.59,Partly cloudy .
5bc91212f9af8b0d98ff68f3,39,"Fri, 27 Apr 2018", 01:40:52 ,1.68, 03:53:24 GMT,02:12:32,2.21,5.433787879,"Fri, 27 Apr 2018 03:53:16 GMT",13.872,9.61,2_39_139_28_2018-04-27 01:40:51.744743,2,CA-303,2-39-139-28,America/Los_Angeles,,rain,25.41666667,35.749231,10.2361,295,14.168,0,1015.59,Partly cloudy .
5bc91212f9af8b0d98ff68f4,39,"Fri, 27 Apr 2018", 01:50:34 ,1.84, 03:42:49 GMT,01:52:15,1.87,5.450152284,"Fri, 27 Apr 2018 02:47:02 GMT",5.654,9.59,2_39_127_19_2018-04-27 01:50:33.898642,2,CA-309,2-39-127-19,America/Los_Angeles,,rain,25.41666667,35.749231,10.2361,295,14.168,0,1015.59,Partly cloudy .
5bc91212f9af8b0d98ff68f5,39,"Fri, 27 Apr 2018", 02:04:43 ,2.08, 03:47:34 GMT,01:42:41,1.71,5.468418367,"Fri, 27 Apr 2018 03:24:02 GMT",2.558,9.61,2_39_130_31_2018-04-27 02:04:42.603854,2,CA-306,2-39-130-31,America/Los_Angeles,,rain,25.41666667,35.749231,10.2361,295,14.168,0,1015.59,Partly cloudy .
5bc91212f9af8b0d98ff68f6,39,"Fri, 27 Apr 2018",03:10:05,3.17,16:49:09 GMT,13:39:04,13.65,5.487692308,"Fri, 27 Apr 2018 05:09:39 GMT",6.417,9.65,2_39_79_379_2018-04-27 03:10:05.502403,2,CA-327,2-39-79-379,America/Los_Angeles,,rain,25.41666667,35.749231,10.2361,295,14.168,0,1015.59,Partly cloudy .
5bc91212f9af8b0d98ff68f7,39,"Fri, 27 Apr 2018",03:29:59,3.5,04:19:11 GMT,00:49:12,0.82,5.445618557,"Fri, 27 Apr 2018 04:19:06 GMT",5.56,9.66,2_39_138_29_2018-04-27 03:29:59.143244,2,CA-304,2-39-138-29,America/Los_Angeles,,rain,25.41666667,35.749231,10.2361,295,14.168,0,1015.59,Partly cloudy .
5bc91212f9af8b0d98ff68f8,39,"Fri, 27 Apr 2018", 05:06:13 ,5.1,09:54:36 GMT,04:48:23,4.81,5.469585492,"Fri, 27 Apr 2018 05:25:43 GMT",0.546,9.68,2_39_79_380_2018-04-27 05:06:12.776665,2,CA-489,2-39-79-380,America/Los_Angeles,,rain,25.41666667,35.749231,10.2361,295,14.168,0,1015.59,Partly cloudy .
5bc9153cf9af8b0dad3c05ed,39,"Fri, 27 Apr 2018", 13:16:28 ,13.27,01:10:32 GMT,11:54:04,11.9,5.473020833,"Sat, 28 Apr 2018 01:10:09 GMT",11.323,9.73,2_39_95_27_2018-04-27 13:16:27.810757,2,CA-319,2-39-95-27,America/Los_Angeles,,rain,25.41666667,35.749231,10.2361,295,14.168,0,1015.59,Partly cloudy .
5bc9153cf9af8b0dad3c05ee,39,"Fri, 27 Apr 2018", 14:14:39 ,14.24, 15:24:24 GMT,01:09:45,1.16,5.439371728,"Fri, 27 Apr 2018 15:24:19 GMT",3.981,9.72,2_39_127_19_2018-04-27 14:14:38.589847,2,CA-309,2-39-127-19,America/Los_Angeles,,rain,25.41666667,35.749231,10.2361,295,14.168,0,1015.59,Partly cloudy .
5bc9153cf9af8b0dad3c05ef,39,"Fri, 27 Apr 2018", 14:41:42 ,14.7, 21:32:39 GMT,06:50:57,6.85,5.461894737,"Fri, 27 Apr 2018 18:35:58 GMT",17.634,9.75,2_39_79_383_2018-04-27 14:41:42.363419,2,CA-492,2-39-79-383,America/Los_Angeles,,rain,25.41666667,35.749231,10.2361,295,14.168,0,1015.59,Partly cloudy .
5bc9153cf9af8b0dad3c05f0,39,"Fri, 27 Apr 2018",15:00:26,15.01, 23:47:28 GMT,08:47:02,8.78,5.454550265,"Fri, 27 Apr 2018 23:47:24 GMT",7.288,9.71,2_39_79_378_2018-04-27 15:00:25.982759,2,CA-326,2-39-79-378,America/Los_Angeles,,rain,25.41666667,35.749231,10.2361,295,14.168,0,1015.59,Partly cloudy .
5bc9153cf9af8b0dad3c05f1,39,"Fri, 27 Apr 2018",15:09:06,15.15, 23:53:35 GMT,08:44:29,8.74,5.436861702,"Fri, 27 Apr 2018 17:07:50 GMT",6.236,9.72,2_39_78_366_2018-04-27 15:09:06.128880,2,CA-323,2-39-78-366,America/Los_Angeles,,rain,25.41666667,35.749231,10.2361,295,14.168,0,1015.59,Partly cloudy .
5bc9153cf9af8b0dad3c05f2,39,"Fri, 27 Apr 2018", 15:09:39 ,15.16, 00:30:52 GMT,09:21:13,9.35,5.419197861,"Fri, 27 Apr 2018 16:35:56 GMT",9.3,9.74,2_39_123_557_2018-04-27 15:09:39.108889,2,CA-503,2-39-123-557,America/Los_Angeles,,rain,25.41666667,35.749231,10.2361,295,14.168,0,1015.59,Partly cloudy .
5bc9153cf9af8b0dad3c05f3,39,"Fri, 27 Apr 2018",15:14:35,15.24, 23:38:56 GMT,08:24:21,8.41,5.398064516,"Fri, 27 Apr 2018 16:12:35 GMT",2.945,9.75,2_39_79_377_2018-04-27 15:14:35.457339,2,CA-325,2-39-79-377,America/Los_Angeles,,rain,25.41666667,35.749231,10.2361,295,14.168,0,1015.59,Partly cloudy .
5bc9153cf9af8b0dad3c05f4,39,"Fri, 27 Apr 2018", 15:15:12 ,15.25, 19:19:08 GMT,04:03:56,4.07,5.381783784,"Fri, 27 Apr 2018 17:11:23 GMT",4.85,9.78,2_39_139_28_2018-04-27 15:15:12.301045,2,CA-303,2-39-139-28,America/Los_Angeles,,rain,25.41666667,35.749231,10.2361,295,14.168,0,1015.59,Partly cloudy .
5bc9153cf9af8b0dad3c05f5,39,"Fri, 27 Apr 2018",15:16:03,15.27, 21:51:08 GMT,06:35:05,6.58,5.388913043,"Fri, 27 Apr 2018 20:11:20 GMT",10.978,9.81,2_39_131_30_2018-04-27 15:16:02.742679,2,CA-305,2-39-131-30,America/Los_Angeles,,rain,25.41666667,35.749231,10.2361,295,14.168,0,1015.59,Partly cloudy .
5bc9153cf9af8b0dad3c05f6,39,"Fri, 27 Apr 2018",15:19:27,15.32,16:44:50 GMT,01:25:23,1.42,5.382404372,"Fri, 27 Apr 2018 16:28:32 GMT",3.846,9.80,2_39_79_380_2018-04-27 15:19:26.888099,2,CA-489,2-39-79-380,America/Los_Angeles,,rain,25.41666667,35.749231,10.2361,295,14.168,0,1015.59,Partly cloudy .
5bc9153cf9af8b0dad3c05f7,39,"Fri, 27 Apr 2018", 15:27:27 ,15.46, 02:04:59 GMT,10:37:32,10.63,5.404175824,"Fri, 27 Apr 2018 19:45:29 GMT",19.124,9.84,2_39_91_441_2018-04-27 15:27:26.624807,2,CA-499,2-39-91-441,America/Los_Angeles,,rain,25.41666667,35.749231,10.2361,295,14.168,0,1015.59,Partly cloudy .
5bc9153cf9af8b0dad3c05f8,39,"Fri, 27 Apr 2018", 15:31:38 ,15.53,23:51:59 GMT,08:20:21,8.34,5.375303867,"Fri, 27 Apr 2018 16:39:35 GMT",3.259,9.78,2_39_78_367_2018-04-27 15:31:37.615451,2,CA-494,2-39-78-367,America/Los_Angeles,,rain,25.41666667,35.749231,10.2361,295,14.168,0,1015.59,Partly cloudy .
5bc9153cf9af8b0dad3c05f9,39,"Fri, 27 Apr 2018", 15:42:36 ,15.71, 20:42:01 GMT,04:59:29,4.99,5.358833333,"Fri, 27 Apr 2018 20:35:54 GMT",13.972,9.82,2_39_126_20_2018-04-27 15:42:36.345767,2,CA-310,2-39-126-20,America/Los_Angeles,,rain,25.41666667,35.749231,10.2361,295,14.168,0,1015.59,Partly cloudy .
5bc9153cf9af8b0dad3c05fa,39,"Fri, 27 Apr 2018", 16:19:01 ,16.32, 22:22:22 GMT,06:03:21,6.06,5.360893855,"Fri, 27 Apr 2018 21:26:10 GMT",16.95,9.80,2_39_78_361_2018-04-27 16:19:00.821882,2,CA-493,2-39-78-361,America/Los_Angeles,,rain,25.41666667,35.749231,10.2361,295,14.168,0,1015.59,Partly cloudy .
5bc9153cf9af8b0dad3c05fb,39,"Fri, 27 Apr 2018",16:25:09,16.42,19:19:59 GMT,02:54:50,2.91,5.356966292,"Fri, 27 Apr 2018 19:19:55 GMT",6.444,9.76,2_39_123_23_2018-04-27 16:25:09.116295,2,CA-313,2-39-123-23,America/Los_Angeles,,rain,25.41666667,35.749231,10.2361,295,14.168,0,1015.59,Partly cloudy .
5bc9153cf9af8b0dad3c05fc,39,"Fri, 27 Apr 2018", 16:27:57 ,16.47, 25:29:56 GMT,09:01:59,9.03,5.37079096,"Fri, 27 Apr 2018 18:26:41 GMT",9.064,9.78,2_39_88_24_2018-04-27 16:27:56.738325,2,CA-314,2-39-88-24,America/Los_Angeles,,rain,25.41666667,35.749231,10.2361,295,14.168,0,1015.59,Partly cloudy .
5bc9153cf9af8b0dad3c05fd,39,"Fri, 27 Apr 2018",16:28:35,16.48,19:47:20 GMT,03:18:45,3.31,5.35,"Fri, 27 Apr 2018 19:26:02 GMT",9.67,9.78,2_39_90_26_2018-04-27 16:28:35.400244,2,CA-316,2-39-90-26,America/Los_Angeles,,rain,25.41666667,35.749231,10.2361,295,14.168,0,1015.59,Partly cloudy .
5bc9153cf9af8b0dad3c05fe,39,"Fri, 27 Apr 2018",16:37:18,16.62, 00:40:11 GMT,08:02:53,8.05,5.361657143,"Fri, 27 Apr 2018 21:56:14 GMT",30.553,9.78,2_39_91_437_2018-04-27 16:37:18.422976,2,CA-317,2-39-91-437,America/Los_Angeles,,rain,25.41666667,35.749231,10.2361,295,14.168,0,1015.59,Partly cloudy .
5bc9153cf9af8b0dad3c05ff,39,"Fri, 27 Apr 2018", 16:38:52 ,16.65,20:37:17 GMT,03:58:25,3.97,5.346206897,"Fri, 27 Apr 2018 18:06:32 GMT",2.485,9.66,2_39_79_381_2018-04-27 16:38:51.959294,2,CA-490,2-39-79-381,America/Los_Angeles,,rain,25.41666667,35.749231,10.2361,295,14.168,0,1015.59,Partly cloudy .
5bc9153cf9af8b0dad3c0600,39,"Fri, 27 Apr 2018",16:43:29,16.72, 02:39:45 GMT,09:56:16,9.94,5.35416185,"Fri, 27 Apr 2018 17:51:26 GMT",2.219,9.70,2_39_89_25_2018-04-27 16:43:29.490040,2,CA-315,2-39-89-25,America/Los_Angeles,,rain,25.41666667,35.749231,10.2361,295,14.168,0,1015.59,Partly cloudy .
5bc9153cf9af8b0dad3c0601,39,"Fri, 27 Apr 2018", 16:47:18 ,16.79,18:11:50 GMT,01:24:32,1.41,5.3275,"Fri, 27 Apr 2018 18:11:41 GMT",5.606,9.75,2_39_79_376_2018-04-27 16:47:18.146526,2,CA-324,2-39-79-376,America/Los_Angeles,,rain,25.41666667,35.749231,10.2361,295,14.168,0,1015.59,Partly cloudy .
5bc9153cf9af8b0dad3c0602,39,"Fri, 27 Apr 2018", 16:51:19 ,16.86, 23:50:42 GMT,06:59:33,6.99,5.350409357,"Fri, 27 Apr 2018 19:06:52 GMT",5.805,9.77,2_39_90_440_2018-04-27 16:51:19.354387,2,CA-500,2-39-90-440,America/Los_Angeles,,rain,25.41666667,35.749231,10.2361,295,14.168,0,1015.59,Partly cloudy .
5bc9153cf9af8b0dad3c0603,39,"Fri, 27 Apr 2018",16:56:15,16.94,22:14:39 GMT,05:18:24,5.31,5.340764706,"Fri, 27 Apr 2018 21:38:18 GMT",11.729,9.79,2_39_78_360_2018-04-27 16:56:15.157137,2,CA-322,2-39-78-360,America/Los_Angeles,,rain,25.41666667,35.749231,10.2361,295,14.168,0,1015.59,Partly cloudy .
5bc9153cf9af8b0dad3c0604,39,"Fri, 27 Apr 2018",17:03:53,17.06,02:13:09 GMT,09:09:16,9.15,5.340946746,"Fri, 27 Apr 2018 19:25:56 GMT",11.831,9.78,2_39_92_442_2018-04-27 17:03:53.000602,2,CA-498,2-39-92-442,America/Los_Angeles,,rain,25.41666667,35.749231,10.2361,295,14.168,0,1015.59,Partly cloudy .
5bc9153cf9af8b0dad3c0605,39,"Fri, 27 Apr 2018", 17:10:25 ,17.17, 00:32:05 GMT,07:21:40,7.36,5.31827381,"Fri, 27 Apr 2018 20:20:34 GMT",15.894,9.77,2_39_79_380_2018-04-27 17:10:24.546834,2,CA-489,2-39-79-380,America/Los_Angeles,,rain,25.41666667,35.749231,10.2361,295,14.168,0,1015.59,Partly cloudy .
5bc9153cf9af8b0dad3c0606,39,"Fri, 27 Apr 2018", 17:19:02 ,17.32, 23:09:55 GMT,05:49:53,5.83,5.306047904,"Fri, 27 Apr 2018 21:14:50 GMT",9.823,9.73,2_39_78_364_2018-04-27 17:19:01.776708,2,CA-495,2-39-78-364,America/Los_Angeles,,rain,25.41666667,35.749231,10.2361,295,14.168,0,1015.59,Partly cloudy .
5bc9153cf9af8b0dad3c0607,39,"Fri, 27 Apr 2018", 17:26:41 ,17.44,19:47:41 GMT,02:21:00,2.35,5.302891566,"Fri, 27 Apr 2018 18:11:45 GMT",1.832,9.73,2_39_92_436_2018-04-27 17:26:40.723495,2,CA-318,2-39-92-436,America/Los_Angeles,,rain,25.41666667,35.749231,10.2361,295,14.168,0,1015.59,Partly cloudy .
5bc9153cf9af8b0dad3c0608,39,"Fri, 27 Apr 2018", 17:32:30 ,17.54, 01:17:34 GMT,07:45:04,7.75,5.320787879,"Fri, 27 Apr 2018 21:57:18 GMT",21.669,9.78,2_39_95_444_2018-04-27 17:32:29.773901,2,CA-497,2-39-95-444,America/Los_Angeles,,rain,25.41666667,35.749231,10.2361,295,14.168,0,1015.59,Partly cloudy .
5bc9153cf9af8b0dad3c0609,39,"Fri, 27 Apr 2018", 18:17:36 ,18.29, 00:29:23 GMT,06:11:37,6.19,5.30597561,"Sat, 28 Apr 2018 00:30:23 GMT",1.759,9.71,2_39_78_362_2018-04-27 18:17:36.209565,2,CA-496,2-39-78-362,America/Los_Angeles,,rain,25.41666667,35.749231,10.2361,295,14.168,0,1015.59,Partly cloudy .
5bc9153cf9af8b0dad3c060a,39,"Fri, 27 Apr 2018", 18:18:21 ,18.31, 04:03:54 GMT,09:45:33,9.76,5.300552147,"Fri, 27 Apr 2018 23:57:03 GMT",2.531,9.76,2_39_88_438_2018-04-27 18:18:21.333966,2,CA-502,2-39-88-438,America/Los_Angeles,,rain,25.41666667,35.749231,10.2361,295,14.168,0,1015.59,Partly cloudy .
5bc9153cf9af8b0dad3c060b,39,"Fri, 27 Apr 2018", 18:32:36 ,18.54, 23:41:31 GMT,05:08:55,5.15,5.273024691,"Fri, 27 Apr 2018 20:06:34 GMT",2.848,9.80,2_39_78_363_2018-04-27 18:32:36.038417,2,CA-320,2-39-78-363,America/Los_Angeles,,rain,25.41666667,35.749231,10.2361,295,14.168,0,1015.59,Partly cloudy .
5bc9153cf9af8b0dad3c060c,39,"Fri, 27 Apr 2018",19:59:49,20, 00:16:08 GMT,04:16:19,4.27,5.27378882,"Fri, 27 Apr 2018 22:31:26 GMT",13.871,9.84,2_39_139_28_2018-04-27 19:59:48.978622,2,CA-303,2-39-139-28,America/Los_Angeles,,rain,25.41666667,35.749231,10.2361,295,14.168,0,1015.59,Partly cloudy .
5bc9153cf9af8b0dad3c060d,39,"Fri, 27 Apr 2018",20:15:40,20.26, 22:27:25 GMT,02:11:45,2.2,5.2800625,"Fri, 27 Apr 2018 22:21:06 GMT",6.523,9.82,2_39_92_436_2018-04-27 20:15:40.252620,2,CA-318,2-39-92-436,America/Los_Angeles,,rain,25.41666667,35.749231,10.2361,295,14.168,0,1015.59,Partly cloudy .
5bc9153cf9af8b0dad3c060e,39,"Fri, 27 Apr 2018",20:29:42,20.5,01:00:33 GMT,04:30:51,4.51,5.299433962,"Fri, 27 Apr 2018 21:04:26 GMT",1.158,9.84,2_39_125_21_2018-04-27 20:29:41.830556,2,CA-311,2-39-125-21,America/Los_Angeles,,rain,25.41666667,35.749231,10.2361,295,14.168,0,1015.59,Partly cloudy .
5bc9153cf9af8b0dad3c060f,39,"Fri, 27 Apr 2018",21:25:00,21.42, 23:40:10 GMT,02:15:10,2.25,5.30443038,"Fri, 27 Apr 2018 23:40:05 GMT",11.337,9.90,2_39_90_26_2018-04-27 21:24:59.677135,2,CA-316,2-39-90-26,America/Los_Angeles,,rain,25.41666667,35.749231,10.2361,295,14.168,0,1015.59,Partly cloudy .
5bc9153cf9af8b0dad3c0610,39,"Fri, 27 Apr 2018", 22:46:32 ,22.78, 00:33:17 GMT,01:46:45,1.78,5.32388535,"Sat, 28 Apr 2018 00:21:39 GMT",10.577,9.89,2_39_131_30_2018-04-27 22:46:32.341027,2,CA-305,2-39-131-30,America/Los_Angeles,,rain,25.41666667,35.749231,10.2361,295,14.168,0,1015.59,Partly cloudy .
5bc9153cf9af8b0dad3c0611,39,"Sat, 28 Apr 2018", 00:14:16 ,0.24,04:29:49 GMT,04:15:33,4.26,5.346602564,"Sat, 28 Apr 2018 04:29:47 GMT",12.49,9.88,2_39_79_381_2018-04-28 00:14:16.209245,2,CA-490,2-39-79-381,America/Los_Angeles,,rain,24.84444444,34.056221,12.0751,150,16.1,0,1015.72,Partly cloudy .
5bc9153cf9af8b0dad3c0612,39,"Sat, 28 Apr 2018", 00:26:33 ,0.44,18:10:27 GMT,18:10:27,18.17,5.353612903,"Sat, 28 Apr 2018 04:57:21 GMT",15.432,9.86,2_39_79_379_2018-04-28 00:26:32.641529,2,CA-327,2-39-79-379,America/Los_Angeles,,rain,24.84444444,34.056221,12.0751,150,16.1,0,1015.72,Partly cloudy .
5bc9153cf9af8b0dad3c0613,39,"Sat, 28 Apr 2018", 00:34:19 ,0.57,02:44:22 GMT,02:10:03,2.17,5.27038961,"Sat, 28 Apr 2018 02:44:19 GMT",13.31,9.83,2_39_124_22_2018-04-28 00:34:19.166123,2,CA-312,2-39-124-22,America/Los_Angeles,,rain,24.84444444,34.056221,12.0751,150,16.1,0,1015.72,Partly cloudy .
5bc9153cf9af8b0dad3c0614,39,"Sat, 28 Apr 2018", 00:54:21 ,0.91, 02:59:28 GMT,02:05:07,2.09,5.290653595,"Sat, 28 Apr 2018 02:16:57 GMT",4.254,9.81,2_39_92_436_2018-04-28 00:54:20.639506,2,CA-318,2-39-92-436,America/Los_Angeles,,rain,24.84444444,34.056221,12.0751,150,16.1,0,1015.72,Partly cloudy .
5bc9153cf9af8b0dad3c0615,39,"Sat, 28 Apr 2018", 01:31:06 ,1.52,04:21:52 GMT,02:50:46,2.85,5.311710526,"Sat, 28 Apr 2018 04:20:01 GMT",13.191,9.84,2_39_79_377_2018-04-28 01:31:06.188165,2,CA-325,2-39-79-377,America/Los_Angeles,,rain,24.84444444,34.056221,12.0751,150,16.1,0,1015.72,Partly cloudy .
5bc9153cf9af8b0dad3c0616,39,"Sat, 28 Apr 2018", 01:39:36 ,1.66, 05:59:41 GMT,04:20:05,4.33,5.328013245,"Sat, 28 Apr 2018 06:00:32 GMT",14.102,9.82,2_39_131_30_2018-04-28 01:39:35.976470,2,CA-305,2-39-131-30,America/Los_Angeles,,rain,24.84444444,34.056221,12.0751,150,16.1,0,1015.72,Partly cloudy .
5bc9153cf9af8b0dad3c0617,39,"Sat, 28 Apr 2018", 01:45:55 ,1.77, 03:01:11 GMT,01:15:16,1.25,5.334666667,"Sat, 28 Apr 2018 03:01:06 GMT",4.002,9.79,2_39_139_28_2018-04-28 01:45:54.820735,2,CA-303,2-39-139-28,America/Los_Angeles,,rain,24.84444444,34.056221,12.0751,150,16.1,0,1015.72,Partly cloudy .
5bc9153cf9af8b0dad3c0618,39,"Sat, 28 Apr 2018", 02:01:09 ,2.02, 06:36:51 GMT,04:35:42,4.6,5.362080537,"Sat, 28 Apr 2018 18:30:41 GMT",14.268,9.83,2_39_126_20_2018-04-28 02:01:09.080764,2,CA-310,2-39-126-20,America/Los_Angeles,,rain,24.84444444,34.056221,12.0751,150,16.1,0,1015.72,Partly cloudy .
5bc9153cf9af8b0dad3c0619,39,"Sat, 28 Apr 2018", 03:15:17 ,3.25, 04:40:01 GMT,01:24:44,1.41,5.36722973,"Sat, 28 Apr 2018 04:39:29 GMT",4.229,9.80,2_39_92_442_2018-04-28 03:15:17.222958,2,CA-498,2-39-92-442,America/Los_Angeles,,rain,24.84444444,34.056221,12.0751,150,16.1,0,1015.72,Partly cloudy .
5bc9153cf9af8b0dad3c061a,39,"Sat, 28 Apr 2018", 03:32:07 ,3.54, 19:53:21 GMT,16:21:14,16.35,5.39414966,"Sat, 28 Apr 2018 19:53:28 GMT",39.897,9.84,2_39_79_383_2018-04-28 03:32:06.715794,2,CA-492,2-39-79-383,America/Los_Angeles,,rain,24.84444444,34.056221,12.0751,150,16.1,0,1015.72,Partly cloudy .
5bc9153cf9af8b0dad3c061b,39,"Sat, 28 Apr 2018", 03:49:38 ,3.83, 16:06:50 GMT,12:17:02,12.28,5.319109589,"Sat, 28 Apr 2018 05:52:30 GMT",6.419,9.63,2_39_79_378_2018-04-28 03:49:37.767000,2,CA-326,2-39-79-378,America/Los_Angeles,,rain,24.84444444,34.056221,12.0751,150,16.1,0,1015.72,Partly cloudy .
5bc9153cf9af8b0dad3c061c,39,"Sat, 28 Apr 2018", 04:10:59 ,4.18, 20:31:14 GMT,16:20:15,16.34,5.271103448,"Sat, 28 Apr 2018 20:32:12 GMT",41.924,9.65,2_39_89_25_2018-04-28 04:10:59.017020,2,CA-315,2-39-89-25,America/Los_Angeles,,rain,24.84444444,34.056221,12.0751,150,16.1,0,1015.72,Partly cloudy .
5bc9153cf9af8b0dad3c061d,39,"Sat, 28 Apr 2018", 04:33:52 ,4.56, 08:01:00 GMT,03:27:08,3.45,5.194236111,"Sat, 28 Apr 2018 08:00:54 GMT",11.873,9.43,2_39_78_367_2018-04-28 04:33:52.322286,2,CA-494,2-39-78-367,America/Los_Angeles,,rain,24.84444444,34.056221,12.0751,150,16.1,0,1015.72,Partly cloudy .
5bc9153cf9af8b0dad3c061e,39,"Sat, 28 Apr 2018",05:00:56,5.02,17:45:55 GMT,12:44:59,12.75,5.206433566,"Sat, 28 Apr 2018 17:10:11 GMT",33.381,9.41,2_39_78_366_2018-04-28 05:00:55.531218,2,CA-323,2-39-78-366,America/Los_Angeles,,rain,24.84444444,34.056221,12.0751,150,16.1,0,1015.72,Partly cloudy .
5bc9153cf9af8b0dad3c061f,39,"Sat, 28 Apr 2018",06:02:40,6.04,21:07:54 GMT,15:05:14,15.09,5.153309859,"Sat, 28 Apr 2018 08:48:22 GMT",16.741,9.24,2_39_78_365_2018-04-28 06:02:39.544274,2,CA-321,2-39-78-365,America/Los_Angeles,,rain,24.84444444,34.056221,12.0751,150,16.1,0,1015.72,Partly cloudy .
5bc91570f9af8b0dad3c0620,39,"Sat, 28 Apr 2018",12:30:38,12.51, 14:07:09 GMT,01:36:31,1.61,5.082836879,"Sat, 28 Apr 2018 14:07:05 GMT",5.652,9.19,2_39_78_367_2018-04-28 12:30:38.169054,2,CA-494,2-39-78-367,America/Los_Angeles,,rain,24.84444444,34.056221,12.0751,150,16.1,0,1015.72,Partly cloudy .
5bc91570f9af8b0dad3c0621,39,"Sat, 28 Apr 2018",13:08:46,13.15,13:29:20 GMT,00:20:34,0.34,5.107642857,"Sat, 28 Apr 2018 13:29:15 GMT",2.284,9.22,2_39_124_22_2018-04-28 13:08:46.118367,2,CA-312,2-39-124-22,America/Los_Angeles,,rain,24.84444444,34.056221,12.0751,150,16.1,0,1015.72,Partly cloudy .
5bc91570f9af8b0dad3c0622,39,"Sat, 28 Apr 2018", 14:03:42 ,14.06, 15:57:22 GMT,01:53:40,1.89,5.141942446,"Sat, 28 Apr 2018 14:53:27 GMT",1.581,9.27,2_39_139_28_2018-04-28 14:03:41.944685,2,CA-303,2-39-139-28,America/Los_Angeles,,rain,24.84444444,34.056221,12.0751,150,16.1,0,1015.72,Partly cloudy .
5bc91570f9af8b0dad3c0623,39,"Sat, 28 Apr 2018", 14:51:33 ,14.86,16:50:53 GMT,02:09:20,2.16,5.165507246,"Sat, 28 Apr 2018 16:50:49 GMT",13.508,9.32,2_39_131_30_2018-04-28 14:51:32.982840,2,CA-305,2-39-131-30,America/Los_Angeles,,rain,24.84444444,34.056221,12.0751,150,16.1,0,1015.72,Partly cloudy .
5bc91570f9af8b0dad3c0624,39,"Sat, 28 Apr 2018", 15:17:54 ,15.3, 16:52:05 GMT,01:34:11,1.57,5.187445255,"Sat, 28 Apr 2018 16:51:57 GMT",5.275,9.29,2_39_123_23_2018-04-28 15:17:54.026514,2,CA-313,2-39-123-23,America/Los_Angeles,,rain,24.84444444,34.056221,12.0751,150,16.1,0,1015.72,Partly cloudy .
5bc91570f9af8b0dad3c0625,39,"Sat, 28 Apr 2018", 15:43:56 ,15.73, 00:04:44 GMT,08:20:48,8.35,5.214044118,"Sat, 28 Apr 2018 18:32:31 GMT",18.737,9.32,2_39_79_380_2018-04-28 15:43:56.170913,2,CA-489,2-39-79-380,America/Los_Angeles,,rain,24.84444444,34.056221,12.0751,150,16.1,0,1015.72,Partly cloudy .
5bc91570f9af8b0dad3c0626,39,"Sat, 28 Apr 2018",16:06:31,16.11, 17:07:44 GMT,01:01:13,1.02,5.190814815,"Sat, 28 Apr 2018 17:07:42 GMT",3.537,9.25,2_39_79_377_2018-04-28 16:06:31.174293,2,CA-325,2-39-79-377,America/Los_Angeles,,rain,24.84444444,34.056221,12.0751,150,16.1,0,1015.72,Partly cloudy .
5bc91570f9af8b0dad3c0627,39,"Sat, 28 Apr 2018", 16:49:44 ,16.83,18:52:00 GMT,02:02:06,2.04,5.221940299,"Sat, 28 Apr 2018 18:51:29 GMT",3.242,9.29,2_39_95_27_2018-04-28 16:49:43.608068,2,CA-319,2-39-95-27,America/Los_Angeles,,rain,24.84444444,34.056221,12.0751,150,16.1,0,1015.72,Partly cloudy .
5bc91570f9af8b0dad3c0628,39,"Sat, 28 Apr 2018",17:04:52,17.08, 20:06:15 GMT,03:01:23,3.02,5.245864662,"Sat, 28 Apr 2018 20:06:14 GMT",17.61,9.34,2_39_78_361_2018-04-28 17:04:52.010463,2,CA-493,2-39-78-361,America/Los_Angeles,,rain,24.84444444,34.056221,12.0751,150,16.1,0,1015.72,Partly cloudy .
5bc91570f9af8b0dad3c0629,39,"Sat, 28 Apr 2018",17:22:23,17.37, 19:41:42 GMT,02:20:19,2.34,5.262727273,"Sat, 28 Apr 2018 19:41:05 GMT",13.915,9.28,2_39_130_31_2018-04-28 17:22:23.394062,2,CA-306,2-39-130-31,America/Los_Angeles,,rain,24.84444444,34.056221,12.0751,150,16.1,0,1015.72,Partly cloudy .
5bc91570f9af8b0dad3c062a,39,"Sat, 28 Apr 2018", 17:46:54 ,17.78, 18:58:10 GMT,01:11:16,1.19,5.285038168,"Sat, 28 Apr 2018 18:58:06 GMT",7.292,9.24,2_39_139_28_2018-04-28 17:46:54.027865,2,CA-303,2-39-139-28,America/Los_Angeles,,rain,24.84444444,34.056221,12.0751,150,16.1,0,1015.72,Partly cloudy .
5bc91570f9af8b0dad3c062b,39,"Sat, 28 Apr 2018", 18:10:26 ,18.17, 19:24:39 GMT,01:14:13,1.24,5.316538462,"Sat, 28 Apr 2018 19:24:34 GMT",8.469,9.26,2_39_131_30_2018-04-28 18:10:25.715156,2,CA-305,2-39-131-30,America/Los_Angeles,,rain,24.84444444,34.056221,12.0751,150,16.1,0,1015.72,Partly cloudy .
5bc91570f9af8b0dad3c062c,39,"Sat, 28 Apr 2018",18:17:44,18.3, 21:06:12 GMT,02:48:28,2.81,5.348139535,"Sat, 28 Apr 2018 19:48:30 GMT",8.968,9.26,2_39_127_19_2018-04-28 18:17:43.921905,2,CA-309,2-39-127-19,America/Los_Angeles,,rain,24.84444444,34.056221,12.0751,150,16.1,0,1015.72,Partly cloudy .
5bc91570f9af8b0dad3c062d,39,"Sat, 28 Apr 2018",18:20:11,18.34, 19:41:02 GMT,01:20:41,1.34,5.36796875,"Sat, 28 Apr 2018 19:40:57 GMT",4.445,9.27,2_39_125_21_2018-04-28 18:20:10.887408,2,CA-311,2-39-125-21,America/Los_Angeles,,rain,24.84444444,34.056221,12.0751,150,16.1,0,1015.72,Partly cloudy .
5bc91570f9af8b0dad3c062e,39,"Sat, 28 Apr 2018", 18:27:39 ,18.46, 02:38:36 GMT,08:10:57,8.18,5.399685039,"Sun, 29 Apr 2018 00:29:24 GMT",40.111,9.30,2_39_91_437_2018-04-28 18:27:38.875918,2,CA-317,2-39-91-437,America/Los_Angeles,,rain,24.84444444,34.056221,12.0751,150,16.1,0,1015.72,Partly cloudy .
5bc91570f9af8b0dad3c062f,39,"Sat, 28 Apr 2018",18:34:01,18.57, 22:12:06 GMT,03:38:05,3.63,5.377619048,"Sat, 28 Apr 2018 22:12:00 GMT",12.963,9.06,2_39_78_367_2018-04-28 18:34:00.740784,2,CA-494,2-39-78-367,America/Los_Angeles,,rain,24.84444444,34.056221,12.0751,150,16.1,0,1015.72,Partly cloudy .
5bc91570f9af8b0dad3c0630,39,"Sat, 28 Apr 2018",18:47:51,18.8,21:32:40 GMT,02:44:49,2.75,5.3916,"Sat, 28 Apr 2018 21:08:59 GMT",13.913,9.03,2_39_138_29_2018-04-28 18:47:50.915110,2,CA-304,2-39-138-29,America/Los_Angeles,,rain,24.84444444,34.056221,12.0751,150,16.1,0,1015.72,Partly cloudy .
5bc91570f9af8b0dad3c0631,39,"Sat, 28 Apr 2018", 19:04:50 ,19.08, 00:24:09 GMT,05:19:19,5.32,5.412903226,"Sat, 28 Apr 2018 20:50:27 GMT",5.99,8.99,2_39_79_377_2018-04-28 19:04:49.767132,2,CA-325,2-39-79-377,America/Los_Angeles,,rain,24.84444444,34.056221,12.0751,150,16.1,0,1015.72,Partly cloudy .
5bc91570f9af8b0dad3c0632,39,"Sat, 28 Apr 2018", 19:41:57 ,19.7,22:10:25 GMT,02:28:28,2.47,5.413658537,"Sat, 28 Apr 2018 21:56:09 GMT",13.909,9.01,2_39_131_30_2018-04-28 19:41:56.533178,2,CA-305,2-39-131-30,America/Los_Angeles,,rain,24.84444444,34.056221,12.0751,150,16.1,0,1015.72,Partly cloudy .
5bc91570f9af8b0dad3c0633,39,"Sat, 28 Apr 2018", 20:13:03 ,20.22,20:29:11 GMT,00:16:08,0.27,5.437786885,"Sat, 28 Apr 2018 20:29:06 GMT",1.745,8.97,2_39_125_21_2018-04-28 20:13:02.549509,2,CA-311,2-39-125-21,America/Los_Angeles,,rain,24.84444444,34.056221,12.0751,150,16.1,0,1015.72,Partly cloudy .
5bc91570f9af8b0dad3c0634,39,"Sat, 28 Apr 2018", 20:31:30 ,20.53,20:52:11 GMT,00:20:41,0.34,5.480495868,"Sat, 28 Apr 2018 20:51:35 GMT",2.27,9.03,2_39_89_25_2018-04-28 20:31:29.511002,2,CA-315,2-39-89-25,America/Los_Angeles,,rain,24.84444444,34.056221,12.0751,150,16.1,0,1015.72,Partly cloudy .
5bc91570f9af8b0dad3c0635,39,"Sat, 28 Apr 2018", 21:17:00 ,21.28, 00:14:51 GMT,02:57:51,2.96,5.523333333,"Sun, 29 Apr 2018 00:14:43 GMT",19.538,9.09,2_39_88_438_2018-04-28 21:16:59.958093,2,CA-502,2-39-88-438,America/Los_Angeles,,rain,24.84444444,34.056221,12.0751,150,16.1,0,1015.72,Partly cloudy .
5bc91570f9af8b0dad3c0636,39,"Sat, 28 Apr 2018", 23:02:45 ,23.05,02:31:01 GMT,03:28:16,3.47,5.54487395,"Sun, 29 Apr 2018 01:18:50 GMT",6.942,9.00,2_39_138_29_2018-04-28 23:02:44.931767,2,CA-304,2-39-138-29,America/Los_Angeles,,rain,24.84444444,34.056221,12.0751,150,16.1,0,1015.72,Partly cloudy .
5bc91570f9af8b0dad3c0637,39,"Sat, 28 Apr 2018", 23:41:00 ,23.68,05:27:44 GMT,05:46:44,5.78,5.562457627,"Sun, 29 Apr 2018 04:02:12 GMT",13.914,9.02,2_39_127_19_2018-04-28 23:41:00.349337,2,CA-309,2-39-127-19,America/Los_Angeles,,rain,24.84444444,34.056221,12.0751,150,16.1,0,1015.72,Partly cloudy .
5bc91570f9af8b0dad3c0638,39,"Sun, 29 Apr 2018", 12:06:57 ,12.12,22:32:46 GMT,10:25:49,10.43,5.560598291,"Sun, 29 Apr 2018 06:15:12 GMT",40.858,8.98,2_39_95_27_2018-04-29 00:06:56.834646,2,CA-319,2-39-95-27,America/Los_Angeles,,rain,24.86111111,33.836492,12.0751,124,15.5526,0,1011.92,Partly cloudy .
5bc91570f9af8b0dad3c0639,39,"Sun, 29 Apr 2018", 00:27:02 ,0.45,04:25:27 GMT,03:58:25,3.97,5.51862069,"Sun, 29 Apr 2018 03:52:24 GMT",12.102,8.70,2_39_123_23_2018-04-29 00:27:02.301309,2,CA-313,2-39-123-23,America/Los_Angeles,,rain,24.86111111,33.836492,12.0751,124,15.5526,0,1011.92,Partly cloudy .
5bc91570f9af8b0dad3c063a,39,"Sun, 29 Apr 2018", 02:04:16 ,2.07, 03:54:48 GMT,01:50:32,1.84,5.532086957,"Sun, 29 Apr 2018 03:09:09 GMT",6.142,8.67,2_39_125_21_2018-04-29 02:04:16.269181,2,CA-311,2-39-125-21,America/Los_Angeles,,rain,24.86111111,33.836492,12.0751,124,15.5526,0,1011.92,Partly cloudy .
5bc91570f9af8b0dad3c063b,39,"Sun, 29 Apr 2018", 02:36:09 ,2.6, 04:36:48 GMT,02:00:39,2.01,5.564473684,"Sun, 29 Apr 2018 04:36:40 GMT",13.619,8.69,2_39_131_30_2018-04-29 02:36:09.068992,2,CA-305,2-39-131-30,America/Los_Angeles,,rain,24.86111111,33.836492,12.0751,124,15.5526,0,1011.92,Partly cloudy .
5bc91570f9af8b0dad3c063c,39,"Sun, 29 Apr 2018", 04:15:10 ,4.25,05:12:22 GMT,00:57:12,0.95,5.595929204,"Sun, 29 Apr 2018 05:12:14 GMT",5.355,8.65,2_39_125_21_2018-04-29 04:15:09.913647,2,CA-311,2-39-125-21,America/Los_Angeles,,rain,24.86111111,33.836492,12.0751,124,15.5526,0,1011.92,Partly cloudy .
5bc91570f9af8b0dad3c063d,39,"Sun, 29 Apr 2018", 05:42:04 ,5.7, 13:00:24 GMT,07:18:20,7.31,5.637410714,"Sun, 29 Apr 2018 13:00:22 GMT",17.25,8.68,2_39_78_367_2018-04-29 05:42:03.843732,2,CA-494,2-39-78-367,America/Los_Angeles,,rain,24.86111111,33.836492,12.0751,124,15.5526,0,1011.92,Partly cloudy .
5bc91596f9af8b0dad3c063e,39,"Sun, 29 Apr 2018", 16:26:36 ,16.44,17:40:25 GMT,01:13:29,1.22,5.622342342,"Sun, 29 Apr 2018 17:40:20 GMT",4.026,8.60,2_39_131_30_2018-04-29 16:26:35.599363,2,CA-305,2-39-131-30,America/Los_Angeles,,rain,24.86111111,33.836492,12.0751,124,15.5526,0,1011.92,Partly cloudy .
5bc91596f9af8b0dad3c063f,39,"Sun, 29 Apr 2018",17:25:14,17.42,20:09:04 GMT,02:43:50,2.73,5.662363636,"Sun, 29 Apr 2018 20:09:00 GMT",8.838,8.64,2_39_127_19_2018-04-29 17:25:13.845569,2,CA-309,2-39-127-19,America/Los_Angeles,,rain,24.86111111,33.836492,12.0751,124,15.5526,0,1011.92,Partly cloudy .
5bc91596f9af8b0dad3c0640,39,"Sun, 29 Apr 2018",17:59:14,17.99,19:28:30 GMT,01:29:16,1.49,5.689266055,"Sun, 29 Apr 2018 19:28:25 GMT",10.047,8.64,2_39_125_21_2018-04-29 17:59:13.994691,2,CA-311,2-39-125-21,America/Los_Angeles,,rain,24.86111111,33.836492,12.0751,124,15.5526,0,1011.92,Partly cloudy .
5bc91596f9af8b0dad3c0641,39,"Sun, 29 Apr 2018",18:30:36,18.51, 23:39:41 GMT,05:09:05,5.15,5.728148148,"Sun, 29 Apr 2018 21:46:26 GMT",13.595,8.63,2_39_131_30_2018-04-29 18:30:35.520787,2,CA-305,2-39-131-30,America/Los_Angeles,,rain,24.86111111,33.836492,12.0751,124,15.5526,0,1011.92,Partly cloudy .
5bc91596f9af8b0dad3c0642,39,"Sun, 29 Apr 2018",18:32:13,18.54, 20:28:44 GMT,01:56:31,1.94,5.733551402,"Sun, 29 Apr 2018 20:00:53 GMT",8.13,8.58,2_39_138_29_2018-04-29 18:32:13.495102,2,CA-304,2-39-138-29,America/Los_Angeles,,rain,24.86111111,33.836492,12.0751,124,15.5526,0,1011.92,Partly cloudy .
5bc91596f9af8b0dad3c0643,39,"Sun, 29 Apr 2018", 18:36:13 ,18.6,21:52:24 GMT,03:16:11,3.27,5.769339623,"Sun, 29 Apr 2018 21:52:17 GMT",11.632,8.59,2_39_78_367_2018-04-29 18:36:13.357144,2,CA-494,2-39-78-367,America/Los_Angeles,,rain,24.86111111,33.836492,12.0751,124,15.5526,0,1011.92,Partly cloudy .
5bc91596f9af8b0dad3c0644,39,"Sun, 29 Apr 2018",18:40:51,18.68,18:47:03 GMT,00:06:12,0.1,5.793142857,"Sun, 29 Apr 2018 18:46:58 GMT",0.644,8.56,2_39_90_26_2018-04-29 18:40:51.437323,2,CA-316,2-39-90-26,America/Los_Angeles,,rain,24.86111111,33.836492,12.0751,124,15.5526,0,1011.92,Partly cloudy .
5bc91596f9af8b0dad3c0645,39,"Sun, 29 Apr 2018",18:47:15,18.79, 00:13:56 GMT,05:26:41,5.44,5.847884615,"Sun, 29 Apr 2018 23:08:23 GMT",28.647,8.63,2_39_89_25_2018-04-29 18:47:15.365203,2,CA-315,2-39-89-25,America/Los_Angeles,,rain,24.86111111,33.836492,12.0751,124,15.5526,0,1011.92,Partly cloudy .
5bc91596f9af8b0dad3c0646,39,"Sun, 29 Apr 2018",18:53:39,18.89, 21:27:56 GMT,02:34:17,2.57,5.85184466,"Sun, 29 Apr 2018 21:28:55 GMT",13.919,8.44,2_39_123_23_2018-04-29 18:53:39.467975,2,CA-313,2-39-123-23,America/Los_Angeles,,rain,24.86111111,33.836492,12.0751,124,15.5526,0,1011.92,Partly cloudy .
5bc91596f9af8b0dad3c0647,39,"Sun, 29 Apr 2018", 19:32:58 ,19.55, 21:20:29 GMT,01:47:31,1.79,5.884019608,"Sun, 29 Apr 2018 21:20:21 GMT",11.826,8.39,2_39_139_28_2018-04-29 19:32:58.358117,2,CA-303,2-39-139-28,America/Los_Angeles,,rain,24.86111111,33.836492,12.0751,124,15.5526,0,1011.92,Partly cloudy .
5bc91596f9af8b0dad3c0648,39,"Sun, 29 Apr 2018", 20:09:21 ,20.16,21:23:42 GMT,01:14:21,1.24,5.924554455,"Sun, 29 Apr 2018 20:45:59 GMT",3.99,8.35,2_39_125_21_2018-04-29 20:09:20.726403,2,CA-311,2-39-125-21,America/Los_Angeles,,rain,24.86111111,33.836492,12.0751,124,15.5526,0,1011.92,Partly cloudy .
5bc91596f9af8b0dad3c0649,39,"Sun, 29 Apr 2018", 20:26:33 ,20.44,21:45:25 GMT,01:18:52,1.31,5.9714,"Sun, 29 Apr 2018 21:45:13 GMT",8.84,8.40,2_39_127_19_2018-04-29 20:26:32.616385,2,CA-309,2-39-127-19,America/Los_Angeles,,rain,24.86111111,33.836492,12.0751,124,15.5526,0,1011.92,Partly cloudy .
5bc91596f9af8b0dad3c064a,39,"Sun, 29 Apr 2018", 20:27:25 ,20.46, 20:39:49 GMT,00:12:24,0.21,6.018484848,"Sun, 29 Apr 2018 20:39:41 GMT",1.16,8.39,2_39_130_31_2018-04-29 20:27:24.854899,2,CA-306,2-39-130-31,America/Los_Angeles,,rain,24.86111111,33.836492,12.0751,124,15.5526,0,1011.92,Partly cloudy .
5bc91596f9af8b0dad3c064b,39,"Sun, 29 Apr 2018", 21:02:34 ,21.04, 03:04:08 GMT,06:01:34,6.03,6.077755102,"Mon, 30 Apr 2018 02:55:43 GMT",13.927,8.47,2_39_126_20_2018-04-29 21:02:33.552100,2,CA-310,2-39-126-20,America/Los_Angeles,,rain,24.86111111,33.836492,12.0751,124,15.5526,0,1011.92,Partly cloudy .
5bc91596f9af8b0dad3c064c,39,"Sun, 29 Apr 2018", 21:22:44 ,21.38,21:40:17 GMT,00:17:33,0.29,6.078247423,"Sun, 29 Apr 2018 21:40:12 GMT",1.909,8.41,2_39_124_22_2018-04-29 21:22:44.282759,2,CA-312,2-39-124-22,America/Los_Angeles,,rain,24.86111111,33.836492,12.0751,124,15.5526,0,1011.92,Partly cloudy .
5bc91596f9af8b0dad3c064d,39,"Sun, 29 Apr 2018", 21:28:04 ,21.47, 00:01:57 GMT,02:33:53,2.56,6.138541667,"Sun, 29 Apr 2018 23:56:26 GMT",13.904,8.48,2_39_123_23_2018-04-29 21:28:04.065966,2,CA-313,2-39-123-23,America/Los_Angeles,,rain,24.86111111,33.836492,12.0751,124,15.5526,0,1011.92,Partly cloudy .
5bc91596f9af8b0dad3c064e,39,"Sun, 29 Apr 2018", 21:47:40 ,21.79, 00:38:30 GMT,02:50:50,2.85,6.176210526,"Sun, 29 Apr 2018 23:34:19 GMT",4.767,8.42,2_39_130_31_2018-04-29 21:47:40.472907,2,CA-306,2-39-130-31,America/Los_Angeles,,rain,24.86111111,33.836492,12.0751,124,15.5526,0,1011.92,Partly cloudy .
5bc91596f9af8b0dad3c064f,39,"Sun, 29 Apr 2018",22:00:37,22.01,22:42:00 GMT,00:41:23,0.69,6.211595745,"Sun, 29 Apr 2018 22:41:55 GMT",2.303,8.46,2_39_139_28_2018-04-29 22:00:37.095335,2,CA-303,2-39-139-28,America/Los_Angeles,,rain,24.86111111,33.836492,12.0751,124,15.5526,0,1011.92,Partly cloudy .
5bc91596f9af8b0dad3c0650,39,"Sun, 29 Apr 2018", 21:40:54 ,21.68,21:46:42 GMT,01:05:48,1.1,6.270967742,"Mon, 30 Apr 2018 02:48:53 GMT",25.761,8.52,2_39_79_379_2018-04-29 22:40:53.930731,2,CA-327,2-39-79-379,America/Los_Angeles,,rain,24.86111111,33.836492,12.0751,124,15.5526,0,1011.92,Partly cloudy .
5bc91596f9af8b0dad3c0651,39,"Sun, 29 Apr 2018",23:10:58,23.18, 04:52:42 GMT,05:42:14,5.7,6.327173913,"Mon, 30 Apr 2018 02:27:51 GMT",2.684,8.34,2_39_78_361_2018-04-29 23:10:57.761144,2,CA-493,2-39-78-361,America/Los_Angeles,,rain,24.86111111,33.836492,12.0751,124,15.5526,0,1011.92,Partly cloudy .
5bc91596f9af8b0dad3c0652,39,"Sun, 29 Apr 2018",23:44:39,23.74, 03:31:38 GMT,03:46:59,3.78,6.334065934,"Mon, 30 Apr 2018 03:31:34 GMT",13.076,8.40,2_39_139_28_2018-04-29 23:44:39.140654,2,CA-303,2-39-139-28,America/Los_Angeles,,rain,24.86111111,33.836492,12.0751,124,15.5526,0,1011.92,Partly cloudy .
5bc91596f9af8b0dad3c0653,39,"Sun, 29 Apr 2018", 23:53:59 ,23.9, 00:26:26 GMT,00:32:27,0.54,6.362444444,"Mon, 30 Apr 2018 00:26:17 GMT",3.504,8.35,2_39_138_29_2018-04-29 23:53:59.304392,2,CA-304,2-39-138-29,America/Los_Angeles,,rain,24.86111111,33.836492,12.0751,124,15.5526,0,1011.92,Partly cloudy .
5bc91596f9af8b0dad3c0654,39,"Mon, 30 Apr 2018", 00:32:15 ,0.54, 04:40:27 GMT,04:08:12,4.14,6.427865169,"Mon, 30 Apr 2018 04:32:53 GMT",13.91,8.40,2_39_127_19_2018-04-30 00:32:14.963750,2,CA-309,2-39-127-19,America/Los_Angeles,,rain,26.37222222,35.872643,14.0214,10,16.1,0,1016.85,Partly cloudy .
5bc91596f9af8b0dad3c0655,39,"Mon, 30 Apr 2018", 00:32:40 ,0.54, 04:54:16 GMT,04:21:36,4.36,6.453863636,"Mon, 30 Apr 2018 01:18:48 GMT",2.552,8.34,2_39_138_29_2018-04-30 00:32:40.418558,2,CA-304,2-39-138-29,America/Los_Angeles,,rain,26.37222222,35.872643,14.0214,10,16.1,0,1016.85,Partly cloudy .
5bc91596f9af8b0dad3c0656,39,"Mon, 30 Apr 2018", 00:40:53 ,0.68,02:53:26 GMT,02:12:33,2.21,6.477931034,"Mon, 30 Apr 2018 02:53:19 GMT",13.853,8.41,2_39_128_18_2018-04-30 00:40:53.135472,2,CA-308,2-39-128-18,America/Los_Angeles,,rain,26.37222222,35.872643,14.0214,10,16.1,0,1016.85,Partly cloudy .
5bc91596f9af8b0dad3c0657,39,"Mon, 30 Apr 2018", 00:52:53 ,0.88, 03:42:42 GMT,02:49:49,2.83,6.52755814,"Mon, 30 Apr 2018 01:40:49 GMT",1.544,8.34,2_39_89_25_2018-04-30 00:52:53.102075,2,CA-315,2-39-89-25,America/Los_Angeles,,rain,26.37222222,35.872643,14.0214,10,16.1,0,1016.85,Partly cloudy .
5bc91596f9af8b0dad3c0658,39,"Mon, 30 Apr 2018", 02:19:40,2.33, 02:54:52 GMT,00:35:12,0.59,6.571058824,"Mon, 30 Apr 2018 02:54:47 GMT",3.811,8.42,2_39_79_376_2018-04-30 02:19:39.707354,2,CA-324,2-39-79-376,America/Los_Angeles,,rain,26.37222222,35.872643,14.0214,10,16.1,0,1016.85,Partly cloudy .
5bc91596f9af8b0dad3c0659,39,"Mon, 30 Apr 2018",03:42:53,3.71, 13:06:08 GMT,09:23:15,9.39,6.642261905,"Mon, 30 Apr 2018 06:41:15 GMT",10.44,8.48,2_39_79_376_2018-04-30 03:42:52.604675,2,CA-324,2-39-79-376,America/Los_Angeles,,rain,26.37222222,35.872643,14.0214,10,16.1,0,1016.85,Partly cloudy .
5bc91596f9af8b0dad3c065a,39,"Mon, 30 Apr 2018", 06:56:41 ,6.94, 12:33:14 GMT,05:36:33,5.61,6.609156627,"Mon, 30 Apr 2018 12:32:58 GMT",13.016,8.45,2_39_138_566_2018-04-30 06:56:41.499872,2,CA-512,2-39-138-566,America/Los_Angeles,,rain,26.37222222,35.872643,14.0214,10,16.1,0,1016.85,Partly cloudy .
5bc915caf9af8b0dad3c065b,39,"Mon, 30 Apr 2018", 13:21:35 ,13.36, 14:22:47 GMT,01:01:02,1.02,6.621341463,"Mon, 30 Apr 2018 14:22:43 GMT",3.51,8.40,2_39_131_30_2018-04-30 13:21:34.651212,2,CA-305,2-39-131-30,America/Los_Angeles,,rain,26.37222222,35.872643,14.0214,10,16.1,0,1016.85,Partly cloudy .
5bc915caf9af8b0dad3c065c,39,"Mon, 30 Apr 2018",13:55:57,13.93, 23:09:48 GMT,09:13:51,9.23,6.690493827,"Mon, 30 Apr 2018 15:52:03 GMT",10.083,8.46,2_39_79_380_2018-04-30 13:55:56.532322,2,CA-489,2-39-79-380,America/Los_Angeles,,rain,26.37222222,35.872643,14.0214,10,16.1,0,1016.85,Partly cloudy .
5bc915caf9af8b0dad3c065d,39,"Mon, 30 Apr 2018", 14:56:42 ,14.95, 25:29:55 GMT,10:33:13,10.55,6.65875,"Mon, 30 Apr 2018 18:05:58 GMT",10.81,8.44,2_39_95_27_2018-04-30 14:56:42.084943,2,CA-319,2-39-95-27,America/Los_Angeles,,rain,26.37222222,35.872643,14.0214,10,16.1,0,1016.85,Partly cloudy .
5bc915caf9af8b0dad3c065e,39,"Mon, 30 Apr 2018", 15:04:34 ,15.08, 00:07:27 GMT,09:00:00,9,6.609493671,"Mon, 30 Apr 2018 17:03:22 GMT",6.249,8.41,2_39_78_366_2018-04-30 15:04:33.947158,2,CA-323,2-39-78-366,America/Los_Angeles,,rain,26.37222222,35.872643,14.0214,10,16.1,0,1016.85,Partly cloudy .
5bc915caf9af8b0dad3c065f,39,"Mon, 30 Apr 2018",15:07:26,15.12, 22:43:14 GMT,07:35:48,7.6,6.578846154,"Mon, 30 Apr 2018 18:36:25 GMT",16.386,8.44,2_39_79_381_2018-04-30 15:07:26.419369,2,CA-490,2-39-79-381,America/Los_Angeles,,rain,26.37222222,35.872643,14.0214,10,16.1,0,1016.85,Partly cloudy .
5bc915caf9af8b0dad3c0660,39,"Mon, 30 Apr 2018",15:07:49,15.13,00:27:55 GMT,09:21:36,9.36,6.565584416,"Tue, 01 May 2018 00:27:51 GMT",47.808,8.33,2_39_88_24_2018-04-30 15:07:48.608581,2,CA-314,2-39-88-24,America/Los_Angeles,22,rain,26.37222222,35.872643,14.0214,10,16.1,0,1016.85,Partly cloudy .
5bc915caf9af8b0dad3c0661,39,"Mon, 30 Apr 2018", 15:13:47 ,15.23, 23:48:38 GMT,08:34:51,8.58,6.528815789,"Mon, 30 Apr 2018 16:14:44 GMT",3.566,7.81,2_39_79_377_2018-04-30 15:13:47.385909,2,CA-325,2-39-79-377,America/Los_Angeles,,rain,26.37222222,35.872643,14.0214,10,16.1,0,1016.85,Partly cloudy .
5bc915caf9af8b0dad3c0662,39,"Mon, 30 Apr 2018", 15:13:48 ,15.23, 00:03:46 GMT,08:49:58,8.83,6.501466667,"Mon, 30 Apr 2018 16:58:47 GMT",5.326,7.87,2_39_130_31_2018-04-30 15:13:48.377299,2,CA-306,2-39-130-31,America/Los_Angeles,,rain,26.37222222,35.872643,14.0214,10,16.1,0,1016.85,Partly cloudy .
5bc915caf9af8b0dad3c0663,39,"Mon, 30 Apr 2018",15:14:18,15.24, 04:07:19 GMT,12:53:01,12.88,6.47,"Mon, 30 Apr 2018 16:15:37 GMT",1.948,7.90,2_39_78_363_2018-04-30 15:14:18.315474,2,CA-320,2-39-78-363,America/Los_Angeles,,rain,26.37222222,35.872643,14.0214,10,16.1,0,1016.85,Partly cloudy .
5bc915caf9af8b0dad3c0664,39,"Mon, 30 Apr 2018", 15:26:12 ,15.44,23:04:07 GMT,07:37:55,7.63,6.382191781,"Mon, 30 Apr 2018 17:01:46 GMT",6.962,7.99,2_39_127_19_2018-04-30 15:26:12.477582,2,CA-309,2-39-127-19,America/Los_Angeles,,rain,26.37222222,35.872643,14.0214,10,16.1,0,1016.85,Partly cloudy .
5bc915caf9af8b0dad3c0665,39,"Mon, 30 Apr 2018",15:27:36,15.46,19:31:44 GMT,04:05:08,4.09,6.364861111,,11.676,8.00,2_39_138_29_2018-04-30 15:27:36.253326,2,CA-304,2-39-138-29,America/Los_Angeles,,rain,26.37222222,35.872643,14.0214,10,16.1,0,1016.85,Partly cloudy .
5bc915caf9af8b0dad3c0666,39,"Mon, 30 Apr 2018", 15:32:40 ,15.54, 19:03:14 GMT,03:30:34,3.51,6.396901408,"Mon, 30 Apr 2018 19:03:10 GMT",4.761,7.95,2_39_79_382_2018-04-30 15:32:40.483238,2,CA-491,2-39-79-382,America/Los_Angeles,,rain,26.37222222,35.872643,14.0214,10,16.1,0,1016.85,Partly cloudy .
5bc915caf9af8b0dad3c0667,39,"Mon, 30 Apr 2018",15:34:27,15.57, 01:06:20 GMT,09:31:53,9.53,6.438142857,"Mon, 30 Apr 2018 17:34:42 GMT",4.451,7.99,2_39_78_365_2018-04-30 15:34:27.009333,2,CA-321,2-39-78-365,America/Los_Angeles,,rain,26.37222222,35.872643,14.0214,10,16.1,0,1016.85,Partly cloudy .
5bc915caf9af8b0dad3c0668,39,"Mon, 30 Apr 2018",15:36:43,15.61,19:56:52 GMT,04:20:09,4.34,6.393333333,"Mon, 30 Apr 2018 18:06:04 GMT",5.494,8.04,2_39_139_28_2018-04-30 15:36:43.210995,2,CA-303,2-39-139-28,America/Los_Angeles,,rain,26.37222222,35.872643,14.0214,10,16.1,0,1016.85,Partly cloudy .
5bc915caf9af8b0dad3c0669,39,"Mon, 30 Apr 2018",15:38:58,15.65, 23:54:03 GMT,08:15:05,8.25,6.423529412,"Mon, 30 Apr 2018 17:12:37 GMT",5.453,8.08,2_39_79_383_2018-04-30 15:38:57.721435,2,CA-492,2-39-79-383,America/Los_Angeles,,rain,26.37222222,35.872643,14.0214,10,16.1,0,1016.85,Partly cloudy .
5bc915caf9af8b0dad3c066a,39,"Mon, 30 Apr 2018", 15:47:29 ,15.79, 00:04:36 GMT,08:17:07,8.29,6.396268657,"Mon, 30 Apr 2018 17:46:33 GMT",6.124,8.12,2_39_92_442_2018-04-30 15:47:29.311801,2,CA-498,2-39-92-442,America/Los_Angeles,,rain,26.37222222,35.872643,14.0214,10,16.1,0,1016.85,Partly cloudy .
5bc915caf9af8b0dad3c066b,39,"Mon, 30 Apr 2018", 15:47:36 ,15.79,00:37:31 GMT,08:49:55,8.83,6.367575758,"Tue, 01 May 2018 00:31:53 GMT",2.69,8.15,2_39_78_361_2018-04-30 15:47:36.417223,2,CA-493,2-39-78-361,America/Los_Angeles,,rain,26.37222222,35.872643,14.0214,10,16.1,0,1016.85,Partly cloudy .
5bc915caf9af8b0dad3c066c,39,"Mon, 30 Apr 2018", 15:59:08 ,15.99, 00:47:31 GMT,08:48:23,8.81,6.329692308,"Mon, 30 Apr 2018 19:33:22 GMT",10.51,8.24,2_39_124_22_2018-04-30 15:59:08.265593,2,CA-312,2-39-124-22,America/Los_Angeles,,rain,26.37222222,35.872643,14.0214,10,16.1,0,1016.85,Partly cloudy .
5bc915caf9af8b0dad3c066d,39,"Mon, 30 Apr 2018", 16:00:56 ,16.02, 18:31:50 GMT,02:30:54,2.52,6.2909375,"Mon, 30 Apr 2018 17:20:19 GMT",2.575,8.20,2_39_79_376_2018-04-30 16:00:55.726494,2,CA-324,2-39-79-376,America/Los_Angeles,,rain,26.37222222,35.872643,14.0214,10,16.1,0,1016.85,Partly cloudy .
5bc915caf9af8b0dad3c066e,39,"Mon, 30 Apr 2018", 16:06:02 ,16.1, 00:58:49 GMT,08:52:47,8.88,6.350793651,"Mon, 30 Apr 2018 20:07:32 GMT",8.189,8.29,2_39_78_367_2018-04-30 16:06:02.025144,2,CA-494,2-39-78-367,America/Los_Angeles,,rain,26.37222222,35.872643,14.0214,10,16.1,0,1016.85,Partly cloudy .
5bc915caf9af8b0dad3c066f,39,"Mon, 30 Apr 2018",16:09:14,16.15, 00:19:21 GMT,08:10:07,8.17,6.31,"Mon, 30 Apr 2018 17:52:46 GMT",5.206,8.29,2_39_91_437_2018-04-30 16:09:13.705124,2,CA-317,2-39-91-437,America/Los_Angeles,,rain,26.37222222,35.872643,14.0214,10,16.1,0,1016.85,Partly cloudy .
5bc915caf9af8b0dad3c0670,39,"Mon, 30 Apr 2018", 16:31:30 ,16.53, 22:48:10 GMT,06:16:40,6.28,6.279508197,"Mon, 30 Apr 2018 22:48:05 GMT",12.332,8.34,2_39_90_440_2018-04-30 16:31:29.713859,2,CA-500,2-39-90-440,America/Los_Angeles,,rain,26.37222222,35.872643,14.0214,10,16.1,0,1016.85,Partly cloudy .
5bc915caf9af8b0dad3c0671,39,"Mon, 30 Apr 2018", 16:44:10 ,16.74, 01:29:30 GMT,08:45:20,8.76,6.2795,"Tue, 01 May 2018 01:20:21 GMT",15.947,8.28,2_39_78_360_2018-04-30 16:44:10.253778,2,CA-322,2-39-78-360,America/Los_Angeles,,rain,26.37222222,35.872643,14.0214,10,16.1,0,1016.85,Partly cloudy .
5bc915caf9af8b0dad3c0672,39,"Mon, 30 Apr 2018",16:51:36,16.86,19:38:10 GMT,02:46:34,2.78,6.237457627,"Mon, 30 Apr 2018 18:25:41 GMT",3.354,8.15,2_39_78_364_2018-04-30 16:51:35.686836,2,CA-495,2-39-78-364,America/Los_Angeles,,rain,26.37222222,35.872643,14.0214,10,16.1,0,1016.85,Partly cloudy .
5bc915caf9af8b0dad3c0673,39,"Mon, 30 Apr 2018", 17:25:34 ,17.43, 01:15:04 GMT,07:49:30,7.83,6.297068966,"Mon, 30 Apr 2018 19:56:41 GMT",14.355,8.23,2_39_89_439_2018-04-30 17:25:33.787163,2,CA-501,2-39-89-439,America/Los_Angeles,,rain,26.37222222,35.872643,14.0214,10,16.1,0,1016.85,Partly cloudy .
5bc915caf9af8b0dad3c0674,39,"Mon, 30 Apr 2018",17:30:28,17.51, 23:25:16 GMT,05:54:48,5.91,6.270175439,"Mon, 30 Apr 2018 20:41:55 GMT",20.865,8.12,2_39_88_438_2018-04-30 17:30:27.924466,2,CA-502,2-39-88-438,America/Los_Angeles,,rain,26.37222222,35.872643,14.0214,10,16.1,0,1016.85,Partly cloudy .
5bc915caf9af8b0dad3c0675,39,"Mon, 30 Apr 2018",17:33:01,17.55,00:34:19 GMT,07:01:18,7.02,6.276607143,"Tue, 01 May 2018 00:35:16 GMT",8.331,7.89,2_39_78_362_2018-04-30 17:33:00.541021,2,CA-496,2-39-78-362,America/Los_Angeles,,rain,26.37222222,35.872643,14.0214,10,16.1,0,1016.85,Partly cloudy .
5bc915caf9af8b0dad3c0676,39,"Mon, 30 Apr 2018",17:42:24,17.71, 02:49:30 GMT,09:07:06,9.12,6.263090909,"Mon, 30 Apr 2018 18:43:40 GMT",1.93,7.88,2_39_123_23_2018-04-30 17:42:23.997600,2,CA-313,2-39-123-23,America/Los_Angeles,,rain,26.37222222,35.872643,14.0214,10,16.1,0,1016.85,Partly cloudy .
5bc915caf9af8b0dad3c0677,39,"Mon, 30 Apr 2018", 17:52:21 ,17.87,23:39:55 GMT,05:47:34,5.79,6.210185185,"Mon, 30 Apr 2018 23:39:51 GMT",15.629,7.99,2_39_92_436_2018-04-30 17:52:20.885279,2,CA-318,2-39-92-436,America/Los_Angeles,,rain,26.37222222,35.872643,14.0214,10,16.1,0,1016.85,Partly cloudy .
5bc915caf9af8b0dad3c0678,39,"Mon, 30 Apr 2018", 18:45:38 ,18.76, 23:22:23 GMT,04:36:45,4.61,6.218113208,"Mon, 30 Apr 2018 18:46:27 GMT",0.586012778,7.85,2_39_95_444_2018-04-30 18:45:38.019636,2,CA-497,2-39-95-444,America/Los_Angeles,,rain,26.37222222,35.872643,14.0214,10,16.1,0,1016.85,Partly cloudy .
5bc915caf9af8b0dad3c0679,39,"Mon, 30 Apr 2018",19:02:14,19.04,03:40:19 GMT,08:38:05,8.63,6.249038462,"Tue, 01 May 2018 01:57:39 GMT",2.554,7.99,2_39_91_441_2018-04-30 19:02:14.276934,2,CA-499,2-39-91-441,America/Los_Angeles,,rain,26.37222222,35.872643,14.0214,10,16.1,0,1016.85,Partly cloudy .
5bc915caf9af8b0dad3c067a,39,"Mon, 30 Apr 2018",19:37:54,19.63, 01:58:11 GMT,06:20:17,6.34,6.202352941,"Mon, 30 Apr 2018 21:44:15 GMT",6.878,8.10,2_39_79_376_2018-04-30 19:37:53.917512,2,CA-324,2-39-79-376,America/Los_Angeles,,rain,26.37222222,35.872643,14.0214,10,16.1,0,1016.85,Partly cloudy .
5bc915caf9af8b0dad3c067b,39,"Mon, 30 Apr 2018",19:53:33,19.89, 23:44:52 GMT,03:51:19,3.86,6.1996,"Mon, 30 Apr 2018 20:40:58 GMT",1.308,8.12,2_39_79_382_2018-04-30 19:53:32.706440,2,CA-491,2-39-79-382,America/Los_Angeles,,rain,26.37222222,35.872643,14.0214,10,16.1,0,1016.85,Partly cloudy .
5bc915caf9af8b0dad3c067c,39,"Mon, 30 Apr 2018",20:29:50,20.5, 23:41:13 GMT,03:11:23,3.19,6.247346939,"Mon, 30 Apr 2018 23:41:08 GMT",8.494,8.26,2_39_90_26_2018-04-30 20:29:49.601092,2,CA-316,2-39-90-26,America/Los_Angeles,,rain,26.37222222,35.872643,14.0214,10,16.1,0,1016.85,Partly cloudy .
5bc915caf9af8b0dad3c067d,39,"Mon, 30 Apr 2018",20:50:42,20.85, 01:32:05 GMT,04:41:23,4.69,6.311041667,"Mon, 30 Apr 2018 21:20:42 GMT",0.923,8.26,2_39_78_364_2018-04-30 20:50:41.803156,2,CA-495,2-39-78-364,America/Los_Angeles,,rain,26.37222222,35.872643,14.0214,10,16.1,0,1016.85,Partly cloudy .
5bc915caf9af8b0dad3c067e,39,"Mon, 30 Apr 2018",21:06:42,21.11, 01:25:41 GMT,04:18:59,4.32,6.345531915,"Tue, 01 May 2018 01:21:00 GMT",13.975,8.41,2_39_138_29_2018-04-30 21:06:42.417195,2,CA-304,2-39-138-29,America/Los_Angeles,,rain,26.37222222,35.872643,14.0214,10,16.1,0,1016.85,Partly cloudy .
5bc915caf9af8b0dad3c067f,39,"Mon, 30 Apr 2018",21:10:09,21.17, 23:06:51 GMT,01:56:42,1.95,6.389565217,"Mon, 30 Apr 2018 22:00:15 GMT",2.334,8.29,2_39_123_557_2018-04-30 21:10:08.827993,2,CA-503,2-39-123-557,America/Los_Angeles,,rain,26.37222222,35.872643,14.0214,10,16.1,0,1016.85,Partly cloudy .
5bc915caf9af8b0dad3c0680,39,"Mon, 30 Apr 2018", 21:18:08 ,21.3,22:15:25 GMT,00:57:17,0.95,6.488222222,"Mon, 30 Apr 2018 22:15:22 GMT",4.14,8.42,2_39_130_564_2018-04-30 21:18:08.506221,2,CA-510,2-39-130-564,America/Los_Angeles,,rain,26.37222222,35.872643,14.0214,10,16.1,0,1016.85,Partly cloudy .
5bc915caf9af8b0dad3c0681,39,"Mon, 30 Apr 2018", 22:32:52 ,22.55,23:09:12 GMT,00:36:20,0.61,6.614090909,"Mon, 30 Apr 2018 23:09:03 GMT",1.813,8.52,2_39_79_379_2018-04-30 22:32:52.351226,2,CA-327,2-39-79-379,America/Los_Angeles,,rain,26.37222222,35.872643,14.0214,10,16.1,0,1016.85,Partly cloudy .
5bc915caf9af8b0dad3c0682,39,"Mon, 30 Apr 2018", 22:41:33 ,22.69,23:19:15 GMT,00:37:42,0.63,6.75372093,"Mon, 30 Apr 2018 23:19:07 GMT",1.842,8.68,2_39_130_564_2018-04-30 22:41:33.095029,2,CA-510,2-39-130-564,America/Los_Angeles,,rain,26.37222222,35.872643,14.0214,10,16.1,0,1016.85,Partly cloudy .
5bc915caf9af8b0dad3c0683,39,"Mon, 30 Apr 2018", 23:19:28 ,23.32,01:58:32 GMT,02:39:04,2.65,6.89952381,"Tue, 01 May 2018 00:56:23 GMT",4.824,8.84,2_39_79_380_2018-04-30 23:19:27.598104,2,CA-489,2-39-79-380,America/Los_Angeles,,rain,26.37222222,35.872643,14.0214,10,16.1,0,1016.85,Partly cloudy .
5bc915caf9af8b0dad3c0684,39,"Tue, 01 May 2018",00:31:56,0.53, 02:10:54 GMT,01:27:23,1.46,7.003170732,"Tue, 01 May 2018 02:10:50 GMT",5.777,8.94,2_39_92_442_2018-05-01 00:31:55.766923,2,CA-498,2-39-92-442,America/Los_Angeles,,rain,28.51111111,38.763024,12.4883,339,16.1,0,1009.55,Mostly cloudy 
5bc915caf9af8b0dad3c0685,39,"Tue, 01 May 2018",00:43:31,0.73, 04:21:07 GMT,03:37:36,3.63,7.14175,"Tue, 01 May 2018 04:21:02 GMT",12.846,9.02,2_39_131_30_2018-05-01 00:43:31.213098,2,CA-305,2-39-131-30,America/Los_Angeles,,rain,28.51111111,38.763024,12.4883,339,16.1,0,1009.55,Mostly cloudy 
5bc915caf9af8b0dad3c0686,39,"Tue, 01 May 2018",01:00:22,1.01,13:08:34 GMT,12:08:12,12.14,7.231794872,"Tue, 01 May 2018 06:11:29 GMT",13.932,8.92,2_39_127_19_2018-05-01 01:00:22.472519,2,CA-309,2-39-127-19,America/Los_Angeles,,rain,28.51111111,38.763024,12.4883,339,16.1,0,1009.55,Mostly cloudy 
5bc915caf9af8b0dad3c0687,39,"Tue, 01 May 2018",01:14:27,1.24,01:23:58 GMT,00:09:31,0.16,7.102631579,"Tue, 01 May 2018 01:22:27 GMT",0.801,8.79,2_39_129_17_2018-05-01 01:14:26.538688,2,CA-307,2-39-129-17,America/Los_Angeles,,rain,28.51111111,38.763024,12.4883,339,16.1,0,1009.55,Mostly cloudy 
5bc915caf9af8b0dad3c0688,39,"Tue, 01 May 2018",01:27:39,1.46, 01:45:35 GMT,00:17:56,0.3,7.29027027,"Tue, 01 May 2018 01:45:30 GMT",1.868,9.00,2_39_138_29_2018-05-01 01:27:39.049762,2,CA-304,2-39-138-29,America/Los_Angeles,,rain,28.51111111,38.763024,12.4883,339,16.1,0,1009.55,Mostly cloudy 
5bc915caf9af8b0dad3c0689,39,"Tue, 01 May 2018",01:31:03,1.52, 02:09:45 GMT,00:38:42,0.65,7.484444444,"Tue, 01 May 2018 02:09:33 GMT",1.851,9.20,2_39_129_17_2018-05-01 01:31:03.442958,2,CA-307,2-39-129-17,America/Los_Angeles,,rain,28.51111111,38.763024,12.4883,339,16.1,0,1009.55,Mostly cloudy 
5bc915caf9af8b0dad3c068a,39,"Tue, 01 May 2018", 01:35:22 ,1.59, 03:11:51 GMT,01:36:29,1.61,7.679714286,"Tue, 01 May 2018 03:11:47 GMT",10.868,9.41,2_39_125_21_2018-05-01 01:35:22.341341,2,CA-311,2-39-125-21,America/Los_Angeles,,rain,28.51111111,38.763024,12.4883,339,16.1,0,1009.55,Mostly cloudy 
5bc915caf9af8b0dad3c068b,39,"Tue, 01 May 2018", 01:48:07 ,1.8, 03:20:51 GMT,01:32:44,1.55,7.858235294,"Tue, 01 May 2018 03:16:46 GMT",9.055,9.37,2_39_139_28_2018-05-01 01:48:07.005869,2,CA-303,2-39-139-28,America/Los_Angeles,,rain,28.51111111,38.763024,12.4883,339,16.1,0,1009.55,Mostly cloudy 
5bc915caf9af8b0dad3c068c,39,"Tue, 01 May 2018", 02:10:29 ,2.17,05:10:38 GMT,03:00:09,3,8.049393939,"Tue, 01 May 2018 03:21:05 GMT",7.06,9.38,2_39_79_380_2018-05-01 02:10:29.102131,2,CA-489,2-39-79-380,America/Los_Angeles,,rain,28.51111111,38.763024,12.4883,339,16.1,0,1009.55,Mostly cloudy 
5bc915caf9af8b0dad3c068d,39,"Tue, 01 May 2018", 03:08:47 ,3.15,16:47:55 GMT,13:39:08,13.65,8.2071875,"Tue, 01 May 2018 05:08:54 GMT",6.505,9.45,2_39_79_379_2018-05-01 03:08:47.017440,2,CA-327,2-39-79-379,America/Los_Angeles,,rain,28.51111111,38.763024,12.4883,339,16.1,0,1009.55,Mostly cloudy 
5bc915caf9af8b0dad3c068e,39,"Tue, 01 May 2018", 04:55:59 ,4.93,19:33:43 GMT,14:37:44,14.63,8.031612903,"Tue, 01 May 2018 19:32:11 GMT",23.00731889,9.54,2_39_138_566_2018-05-01 04:55:58.860904,2,CA-512,2-39-138-566,America/Los_Angeles,,rain,28.51111111,38.763024,12.4883,339,16.1,0,1009.55,Mostly cloudy 
5bc915caf9af8b0dad3c068f,39,"Tue, 01 May 2018", 05:44:03 ,5.73,15:30:30 GMT,09:46:27,9.77,7.811666667,"Tue, 01 May 2018 15:24:27 GMT",13.91,9.10,2_39_129_17_2018-05-01 05:44:03.135899,2,CA-307,2-39-129-17,America/Los_Angeles,,rain,28.51111111,38.763024,12.4883,339,16.1,0,1009.55,Mostly cloudy 
5bc9160af9af8b0dad3c0690,39,"Tue, 01 May 2018", 13:23:18 ,13.39, 01:53:41 GMT,12:30:23,12.51,7.744137931,"Tue, 01 May 2018 17:17:07 GMT",13.41,8.93,2_39_95_27_2018-05-01 13:23:18.374684,2,CA-319,2-39-95-27,America/Los_Angeles,,rain,28.51111111,38.763024,12.4883,339,16.1,0,1009.55,Mostly cloudy 
5bc9160af9af8b0dad3c0691,39,"Tue, 01 May 2018", 13:54:34 ,13.91,23:15:35 GMT,09:21:01,9.35,7.573928571,"Tue, 01 May 2018 15:35:39 GMT",8.618,8.77,2_39_79_380_2018-05-01 13:54:33.599590,2,CA-489,2-39-79-380,America/Los_Angeles,,rain,28.51111111,38.763024,12.4883,339,16.1,0,1009.55,Mostly cloudy 
5bc9160af9af8b0dad3c0692,39,"Tue, 01 May 2018", 14:46:04 ,14.77, 00:54:07 GMT,10:08:03,10.13,7.508148148,"Tue, 01 May 2018 23:57:02 GMT",13.969,8.77,2_39_139_28_2018-05-01 14:46:04.441389,2,CA-303,2-39-139-28,America/Los_Angeles,,rain,28.51111111,38.763024,12.4883,339,16.1,0,1009.55,Mostly cloudy 
5bc9160af9af8b0dad3c0693,39,"Tue, 01 May 2018", 14:56:29 ,14.94, 21:52:45 GMT,06:56:16,6.94,7.407307692,"Tue, 01 May 2018 16:07:56 GMT",6.914,8.57,2_39_79_378_2018-05-01 14:56:28.908623,2,CA-326,2-39-79-378,America/Los_Angeles,,rain,28.51111111,38.763024,12.4883,339,16.1,0,1009.55,Mostly cloudy 
5bc9160af9af8b0dad3c0694,39,"Tue, 01 May 2018", 15:14:50 ,15.25, 22:51:30 GMT,07:36:40,7.61,7.426,"Tue, 01 May 2018 20:18:12 GMT",13.785,8.64,2_39_88_24_2018-05-01 15:14:50.443137,2,CA-314,2-39-88-24,America/Los_Angeles,,rain,28.51111111,38.763024,12.4883,339,16.1,0,1009.55,Mostly cloudy 
5bc9160af9af8b0dad3c0695,39,"Tue, 01 May 2018", 15:21:17 ,15.35, 00:31:28 GMT,09:10:11,9.17,7.418333333,"Tue, 01 May 2018 15:34:52 GMT",0.618,8.43,2_39_79_376_2018-05-01 15:21:17.139837,2,CA-324,2-39-79-376,America/Los_Angeles,,rain,28.51111111,38.763024,12.4883,339,16.1,0,1009.55,Mostly cloudy 
5bc9160af9af8b0dad3c0696,39,"Tue, 01 May 2018",15:21:34,15.36,00:56:59 GMT,09:35:25,9.59,7.342173913,"Tue, 01 May 2018 18:25:43 GMT",14.112,8.77,2_39_91_441_2018-05-01 15:21:33.907284,2,CA-499,2-39-91-441,America/Los_Angeles,,rain,28.51111111,38.763024,12.4883,339,16.1,0,1009.55,Mostly cloudy 
5bc9160af9af8b0dad3c0697,39,"Tue, 01 May 2018",15:21:52,15.36,01:36:25 GMT,10:14:33,10.24,7.24,"Wed, 02 May 2018 01:27:12 GMT",1.051,8.52,2_39_79_381_2018-05-01 15:21:51.892947,2,CA-490,2-39-79-381,America/Los_Angeles,,rain,28.51111111,38.763024,12.4883,339,16.1,0,1009.55,Mostly cloudy 
5bc9160af9af8b0dad3c0698,39,"Tue, 01 May 2018",15:22:40,15.38,00:42:44 GMT,09:20:04,9.33,7.097142857,"Tue, 01 May 2018 17:20:52 GMT",6.102,8.88,2_39_78_365_2018-05-01 15:22:39.533595,2,CA-321,2-39-78-365,America/Los_Angeles,,rain,28.51111111,38.763024,12.4883,339,16.1,0,1009.55,Mostly cloudy 
5bc9160af9af8b0dad3c0699,39,"Tue, 01 May 2018",15:28:52,15.48, 20:16:01 GMT,04:47:09,4.79,6.9855,"Tue, 01 May 2018 18:16:47 GMT",8.063,9.02,2_39_79_382_2018-05-01 15:28:51.643194,2,CA-491,2-39-79-382,America/Los_Angeles,,rain,28.51111111,38.763024,12.4883,339,16.1,0,1009.55,Mostly cloudy 
5bc9160af9af8b0dad3c069a,39,"Tue, 01 May 2018",15:35:21,15.59, 00:13:06 GMT,08:37:45,8.63,7.101052632,"Tue, 01 May 2018 16:42:38 GMT",2.854,9.07,2_39_79_383_2018-05-01 15:35:20.929143,2,CA-492,2-39-79-383,America/Los_Angeles,,rain,28.51111111,38.763024,12.4883,339,16.1,0,1009.55,Mostly cloudy 
5bc9160af9af8b0dad3c069b,39,"Tue, 01 May 2018", 15:40:10 ,15.67, 19:41:04 GMT,04:00:54,4.02,7.016111111,"Tue, 01 May 2018 18:02:25 GMT",4.987,9.41,2_39_131_30_2018-05-01 15:40:09.591026,2,CA-305,2-39-131-30,America/Los_Angeles,,rain,28.51111111,38.763024,12.4883,339,16.1,0,1009.55,Mostly cloudy 
5bc9160af9af8b0dad3c069c,39,"Tue, 01 May 2018", 15:40:44 ,15.68,01:04:56 GMT,09:24:12,9.4,7.192352941,"Tue, 01 May 2018 17:25:25 GMT",4.56,9.67,2_39_78_366_2018-05-01 15:40:44.351048,2,CA-323,2-39-78-366,America/Los_Angeles,,rain,28.51111111,38.763024,12.4883,339,16.1,0,1009.55,Mostly cloudy 
5bc9160af9af8b0dad3c069d,39,"Tue, 01 May 2018", 15:41:08 ,15.69,22:57:08 GMT,07:16:00,7.27,7.054375,"Tue, 01 May 2018 17:22:55 GMT",3.562,9.99,2_39_127_19_2018-05-01 15:41:07.863853,2,CA-309,2-39-127-19,America/Los_Angeles,,rain,28.51111111,38.763024,12.4883,339,16.1,0,1009.55,Mostly cloudy 
5bc9160af9af8b0dad3c069e,39,"Tue, 01 May 2018", 15:41:44 ,15.7, 17:27:03 GMT,01:45:19,1.76,7.04,"Tue, 01 May 2018 17:26:59 GMT",3.371,10.42,2_39_125_21_2018-05-01 15:41:44.231612,2,CA-311,2-39-125-21,America/Los_Angeles,,rain,28.51111111,38.763024,12.4883,339,16.1,0,1009.55,Mostly cloudy 
5bc9160af9af8b0dad3c069f,39,"Tue, 01 May 2018", 16:00:33 ,16.01,05:10:18 GMT,13:09:45,13.16,7.417142857,"Tue, 01 May 2018 18:59:54 GMT",8.657,10.93,2_39_78_367_2018-05-01 16:00:32.532403,2,CA-494,2-39-78-367,America/Los_Angeles,,rain,28.51111111,38.763024,12.4883,339,16.1,0,1009.55,Mostly cloudy 
5bc9160af9af8b0dad3c06a0,39,"Tue, 01 May 2018", 16:02:22 ,16.04,00:32:29 GMT,08:30:07,8.5,6.975384615,"Tue, 01 May 2018 17:07:42 GMT",3.058,11.10,2_39_79_377_2018-05-01 16:02:22.067499,2,CA-325,2-39-79-377,America/Los_Angeles,,rain,28.51111111,38.763024,12.4883,339,16.1,0,1009.55,Mostly cloudy 
5bc9160af9af8b0dad3c06a1,39,"Tue, 01 May 2018",16:09:03,16.15, 23:39:40 GMT,07:30:37,7.51,6.848333333,"Tue, 01 May 2018 23:39:31 GMT",24.716,11.77,2_39_90_440_2018-05-01 16:09:02.854274,2,CA-500,2-39-90-440,America/Los_Angeles,,rain,28.51111111,38.763024,12.4883,339,16.1,0,1009.55,Mostly cloudy 
5bc9160af9af8b0dad3c06a2,39,"Tue, 01 May 2018", 16:10:59 ,16.18, 23:17:00 GMT,07:06:01,7.1,6.788181818,"Tue, 01 May 2018 23:16:42 GMT",21.525,10.59,2_39_90_26_2018-05-01 16:10:59.167379,2,CA-316,2-39-90-26,America/Los_Angeles,,rain,28.51111111,38.763024,12.4883,339,16.1,0,1009.55,Mostly cloudy 
5bc9160af9af8b0dad3c06a3,39,"Tue, 01 May 2018", 16:18:17 ,16.3, 23:56:44 GMT,07:38:27,7.64,6.757,"Tue, 01 May 2018 17:51:41 GMT",2.597,9.50,2_39_78_364_2018-05-01 16:18:16.694690,2,CA-495,2-39-78-364,America/Los_Angeles,,rain,28.51111111,38.763024,12.4883,339,16.1,0,1009.55,Mostly cloudy 
5bc9160af9af8b0dad3c06a4,39,"Tue, 01 May 2018", 16:18:54 ,16.32, 00:25:09 GMT,08:06:15,8.1,6.658888889,"Wed, 02 May 2018 00:26:07 GMT",28.691,10.27,2_39_78_362_2018-05-01 16:18:53.512595,2,CA-496,2-39-78-362,America/Los_Angeles,,rain,28.51111111,38.763024,12.4883,339,16.1,0,1009.55,Mostly cloudy 
5bc9160af9af8b0dad3c06a5,39,"Tue, 01 May 2018",16:20:24,16.34, 22:47:38 GMT,06:18:14,6.3,6.47875,"Tue, 01 May 2018 18:58:36 GMT",7.899,7.97,2_39_92_436_2018-05-01 16:20:23.907285,2,CA-318,2-39-92-436,America/Los_Angeles,,rain,28.51111111,38.763024,12.4883,339,16.1,0,1009.55,Mostly cloudy 
5bc9160af9af8b0dad3c06a6,39,"Tue, 01 May 2018",16:25:35,16.43, 01:09:22 GMT,08:43:47,8.73,6.504285714,"Tue, 01 May 2018 19:22:58 GMT",6.91,7.98,2_39_95_444_2018-05-01 16:25:34.848901,2,CA-497,2-39-95-444,America/Los_Angeles,,rain,28.51111111,38.763024,12.4883,339,16.1,0,1009.55,Mostly cloudy 
5bc9160af9af8b0dad3c06a7,39,"Tue, 01 May 2018", 16:36:38 ,16.61,20:39:56 GMT,04:03:18,4.06,6.133333333,"Tue, 01 May 2018 20:39:46 GMT",10.386,8.15,2_39_78_363_2018-05-01 16:36:37.558935,2,CA-320,2-39-78-363,America/Los_Angeles,,rain,28.51111111,38.763024,12.4883,339,16.1,0,1009.55,Mostly cloudy 
5bc9160af9af8b0dad3c06a8,39,"Tue, 01 May 2018", 16:52:54 ,16.88,01:05:41 GMT,08:12:37,8.21,6.548,"Tue, 01 May 2018 19:11:06 GMT",7.799,7.71,2_39_92_442_2018-05-01 16:52:53.742929,2,CA-498,2-39-92-442,America/Los_Angeles,,rain,28.51111111,38.763024,12.4883,339,16.1,0,1009.55,Mostly cloudy 
5bc9160af9af8b0dad3c06a9,39,"Tue, 01 May 2018",16:58:54,16.98, 01:05:19 GMT,08:06:25,8.11,6.1325,"Tue, 01 May 2018 23:54:46 GMT",11.304,7.68,2_39_129_17_2018-05-01 16:58:53.921677,2,CA-307,2-39-129-17,America/Los_Angeles,,rain,28.51111111,38.763024,12.4883,339,16.1,0,1009.55,Mostly cloudy 
5bc9160af9af8b0dad3c06aa,39,"Tue, 01 May 2018",17:09:09,17.15, 00:22:14 GMT,07:13:05,7.22,5.473333333,"Tue, 01 May 2018 18:46:19 GMT",1.943,6.48,2_39_124_22_2018-05-01 17:09:09.120419,2,CA-312,2-39-124-22,America/Los_Angeles,,rain,28.51111111,38.763024,12.4883,339,16.1,0,1009.55,Mostly cloudy 
5bc9160af9af8b0dad3c06ab,39,"Tue, 01 May 2018",17:11:32,17.19, 20:10:03 GMT,02:58:31,2.98,4.6,"Tue, 01 May 2018 20:09:58 GMT",7.053,8.74,2_39_123_23_2018-05-01 17:11:32.081386,2,CA-313,2-39-123-23,America/Los_Angeles,,rain,28.51111111,38.763024,12.4883,339,16.1,0,1009.55,Mostly cloudy 
5bc9160af9af8b0dad3c06ac,39,"Tue, 01 May 2018", 17:28:59 ,17.48, 23:42:22 GMT,06:13:23,6.22,6.22,"Tue, 01 May 2018 23:42:19 GMT",10.43,10.43,2_39_138_29_2018-05-01 17:28:59.219125,2,CA-304,2-39-138-29,America/Los_Angeles,,rain,28.51111111,38.763024,12.4883,339,16.1,0,1009.55,Mostly cloudy 
