id,clusterId,Date,connectionTime,disconnectTime,Time Diff,Total Hours,donechargingTime,kWhDelivered,sessionId,siteId,spaceID,stationID,timezone,userID,,userInput
5bc90cb9f9af8b0d7fe77cd2,39,"Wed, 25 Apr 2018", 11:08:04 GMT,13:20:10 GMT,02:12:06,2.2,"Wed, 25 Apr 2018 13:21:10 GMT",7.932,2_39_78_362_2018-04-25 11:08:04.400812,2,CA-496,2-39-78-362,America/Los_Angeles,,,
5bc90cb9f9af8b0d7fe77cd3,39,"Wed, 25 Apr 2018",13:45:10 GMT, 24:56:16 GMT,11:11:06,11.19,"Wed, 25 Apr 2018 16:44:15 GMT",10.013,2_39_95_27_2018-04-25 13:45:09.617470,2,CA-319,2-39-95-27,America/Los_Angeles,,,
5bc90cb9f9af8b0d7fe77cd4,39,"Wed, 25 Apr 2018", 13:45:50 GMT, 23:04:45 GMT,10:19:45,10.33,"Wed, 25 Apr 2018 14:51:44 GMT",5.257,2_39_79_380_2018-04-25 13:45:49.962001,2,CA-489,2-39-79-380,America/Los_Angeles,,,
5bc90cb9f9af8b0d7fe77cd5,39,"Wed, 25 Apr 2018", 14:37:06 GMT, 23:55:34 GMT,09:18:28,9.31,"Wed, 25 Apr 2018 16:05:22 GMT",5.177,2_39_79_379_2018-04-25 14:37:06.460772,2,CA-327,2-39-79-379,America/Los_Angeles,,,
5bc90cb9f9af8b0d7fe77cd6,39,"Wed, 25 Apr 2018", 14:40:34 GMT, 23:03:12 GMT,08:22:38,8.38,"Wed, 25 Apr 2018 17:40:30 GMT",10.119,2_39_79_381_2018-04-25 14:40:33.638896,2,CA-490,2-39-79-381,America/Los_Angeles,,,
5bc90cb9f9af8b0d7fe77cd7,39,"Wed, 25 Apr 2018", 14:43:50 GMT, 25:17:30 GMT,10:33:40,10.56,"Wed, 25 Apr 2018 16:18:28 GMT",7.91,2_39_139_28_2018-04-25 14:43:49.647430,2,CA-303,2-39-139-28,America/Los_Angeles,,,
5bc90cb9f9af8b0d7fe77cd8,39,"Wed, 25 Apr 2018", 14:47:42 GMT, 18:27:51 GMT,03:40:09,3.67,"Wed, 25 Apr 2018 18:27:42 GMT",15.294,2_39_91_441_2018-04-25 14:47:41.776352,2,CA-499,2-39-91-441,America/Los_Angeles,,,
5bc90cb9f9af8b0d7fe77cd9,39,"Wed, 25 Apr 2018",14:58:25 GMT,19:06:29 GMT,04:08:04,4.13,"Wed, 25 Apr 2018 16:48:29 GMT",6.953,2_39_79_377_2018-04-25 14:58:25.255583,2,CA-325,2-39-79-377,America/Los_Angeles,,,
5bc90cb9f9af8b0d7fe77cda,39,"Wed, 25 Apr 2018", 15:10:52 GMT, 18:15:46 GMT,03:04:54,3.08,"Wed, 25 Apr 2018 16:07:56 GMT",2.174,2_39_79_382_2018-04-25 15:10:51.871020,2,CA-491,2-39-79-382,America/Los_Angeles,,,
5bc90cb9f9af8b0d7fe77cdb,39,"Wed, 25 Apr 2018",15:12:11 GMT, 18:29:21 GMT,03:17:10,3.29,"Wed, 25 Apr 2018 18:30:20 GMT",2.439,2_39_78_362_2018-04-25 15:12:10.901351,2,CA-496,2-39-78-362,America/Los_Angeles,,,
5bc90cb9f9af8b0d7fe77cdc,39,"Wed, 25 Apr 2018", 15:14:06 GMT,18:33:30 GMT,03:19:24,3.32,"Wed, 25 Apr 2018 18:33:20 GMT",6.955,2_39_78_366_2018-04-25 15:14:06.329009,2,CA-323,2-39-78-366,America/Los_Angeles,,,
5bc90cb9f9af8b0d7fe77cdd,39,"Wed, 25 Apr 2018", 15:14:41 GMT,26:26:03 GMT,11:11:22,11.19,"Wed, 25 Apr 2018 16:18:11 GMT",3.249,2_39_91_437_2018-04-25 15:14:41.260754,2,CA-317,2-39-91-437,America/Los_Angeles,,,
5bc90cb9f9af8b0d7fe77cde,39,"Wed, 25 Apr 2018", 15:14:49 GMT, 23:52:50 GMT,08:38:01,8.63,"Wed, 25 Apr 2018 16:42:00 GMT",2.72,2_39_78_361_2018-04-25 15:14:48.537248,2,CA-493,2-39-78-361,America/Los_Angeles,,,
5bc90cb9f9af8b0d7fe77cdf,39,"Wed, 25 Apr 2018", 15:20:56 GMT, 23:49:32 GMT,08:28:36,8.48,"Wed, 25 Apr 2018 16:07:41 GMT",2.575,2_39_78_360_2018-04-25 15:20:55.688491,2,CA-322,2-39-78-360,America/Los_Angeles,,,
5bc90cb9f9af8b0d7fe77ce0,39,"Wed, 25 Apr 2018", 15:30:31 GMT, 19:47:51 GMT,04:17:20,4.29,"Wed, 25 Apr 2018 18:54:57 GMT",5.4,2_39_125_21_2018-04-25 15:30:31.466431,2,CA-311,2-39-125-21,America/Los_Angeles,,,
5bc90cb9f9af8b0d7fe77ce1,39,"Wed, 25 Apr 2018", 15:31:42 GMT, 24:57:15 GMT,09:25:33,9.43,"Wed, 25 Apr 2018 18:26:57 GMT",4.929,2_39_78_365_2018-04-25 15:31:42.314475,2,CA-321,2-39-78-365,America/Los_Angeles,,,
5bc90cb9f9af8b0d7fe77ce2,39,"Wed, 25 Apr 2018", 15:33:45 GMT, 24:42:15 GMT,09:08:30,9.14,"Wed, 25 Apr 2018 17:49:46 GMT",4.043,2_39_127_19_2018-04-25 15:33:45.414350,2,CA-309,2-39-127-19,America/Los_Angeles,,,
5bc90cb9f9af8b0d7fe77ce3,39,"Wed, 25 Apr 2018", 15:44:42 GMT, 24:41:45 GMT,08:57:03,8.95,"Wed, 25 Apr 2018 17:40:09 GMT",2.49,2_39_79_383_2018-04-25 15:44:41.818763,2,CA-492,2-39-79-383,America/Los_Angeles,,,
5bc90cb9f9af8b0d7fe77ce4,39,"Wed, 25 Apr 2018", 15:48:23 GMT, 24:32:18 GMT,08:43:55,8.73,"Wed, 25 Apr 2018 18:06:06 GMT",5.95,2_39_89_25_2018-04-25 15:48:22.693006,2,CA-315,2-39-89-25,America/Los_Angeles,,,
5bc90cb9f9af8b0d7fe77ce5,39,"Wed, 25 Apr 2018", 15:51:21 GMT, 24:32:44 GMT,08:41:23,8.69,"Wed, 25 Apr 2018 17:56:52 GMT",4.474,2_39_95_444_2018-04-25 15:51:20.521751,2,CA-497,2-39-95-444,America/Los_Angeles,,,
5bc90cb9f9af8b0d7fe77ce6,39,"Wed, 25 Apr 2018",15:53:29 GMT, 24:28:12 GMT,08:34:43,8.58,"Wed, 25 Apr 2018 19:55:15 GMT",6.531,2_39_124_22_2018-04-25 15:53:29.117069,2,CA-312,2-39-124-22,America/Los_Angeles,,,
5bc90cb9f9af8b0d7fe77ce7,39,"Wed, 25 Apr 2018", 15:57:29 GMT, 25:28:29 GMT,09:31:00,9.52,"Wed, 25 Apr 2018 18:23:12 GMT",6.023,2_39_89_439_2018-04-25 15:57:29.146101,2,CA-501,2-39-89-439,America/Los_Angeles,,,
5bc90cb9f9af8b0d7fe77ce8,39,"Wed, 25 Apr 2018", 15:59:24 GMT, 24:51:51 GMT,08:52:27,8.87,"Wed, 25 Apr 2018 18:27:10 GMT",9.553,2_39_92_442_2018-04-25 15:59:23.996834,2,CA-498,2-39-92-442,America/Los_Angeles,,,
5bc90cb9f9af8b0d7fe77ce9,39,"Wed, 25 Apr 2018", 16:01:26 GMT,24:33:06 GMT,08:31:40,8.53,"Thu, 26 Apr 2018 00:14:16 GMT",14.693,2_39_123_23_2018-04-25 16:01:25.950919,2,CA-313,2-39-123-23,America/Los_Angeles,,,
5bc90cb9f9af8b0d7fe77cea,39,"Wed, 25 Apr 2018", 16:02:03 GMT, 21:31:50 GMT,05:29:47,5.5,"Wed, 25 Apr 2018 17:14:25 GMT",2.207,2_39_90_440_2018-04-25 16:02:03.486354,2,CA-500,2-39-90-440,America/Los_Angeles,,,
5bc90cb9f9af8b0d7fe77ceb,39,"Wed, 25 Apr 2018", 16:02:10 GMT, 19:27:55 GMT,03:25:45,3.43,"Wed, 25 Apr 2018 19:27:51 GMT",9.153,2_39_78_364_2018-04-25 16:02:09.867816,2,CA-495,2-39-78-364,America/Los_Angeles,,,
5bc90cb9f9af8b0d7fe77cec,39,"Wed, 25 Apr 2018", 16:03:59 GMT,23:57:15 GMT,07:53:16,7.89,"Wed, 25 Apr 2018 22:19:58 GMT",17.446,2_39_88_24_2018-04-25 16:03:58.630483,2,CA-314,2-39-88-24,America/Los_Angeles,,,
5bc90cb9f9af8b0d7fe77ced,39,"Wed, 25 Apr 2018", 16:04:31 GMT, 25:42:00 GMT,09:37:29,9.62,"Wed, 25 Apr 2018 18:13:16 GMT",4.548,2_39_90_26_2018-04-25 16:04:30.761826,2,CA-316,2-39-90-26,America/Los_Angeles,,,
5bc90cb9f9af8b0d7fe77cee,39,"Wed, 25 Apr 2018",16:25:51 GMT, 22:30:46 GMT,06:04:55,6.08,"Wed, 25 Apr 2018 22:30:41 GMT",32.708,2_39_88_438_2018-04-25 16:25:51.104829,2,CA-502,2-39-88-438,America/Los_Angeles,,,
5bc90cb9f9af8b0d7fe77cef,39,"Wed, 25 Apr 2018",16:38:01 GMT,24:00:51 GMT,07:22:50,7.38,"Wed, 25 Apr 2018 18:48:11 GMT",6.764,2_39_78_363_2018-04-25 16:38:01.120020,2,CA-320,2-39-78-363,America/Los_Angeles,,,
5bc90cb9f9af8b0d7fe77cf0,39,"Wed, 25 Apr 2018", 16:52:05 GMT,25:53:12 GMT,09:01:07,9.02,"Wed, 25 Apr 2018 21:40:57 GMT",10.879,2_39_79_378_2018-04-25 16:52:05.160592,2,CA-326,2-39-79-378,America/Los_Angeles,,,
5bc90cb9f9af8b0d7fe77cf1,39,"Wed, 25 Apr 2018", 17:06:18 GMT, 26:10:51 GMT,09:04:33,9.08,"Wed, 25 Apr 2018 19:21:33 GMT",5.07,2_39_123_557_2018-04-25 17:06:18.267849,2,CA-503,2-39-123-557,America/Los_Angeles,,,
5bc90cb9f9af8b0d7fe77cf2,39,"Wed, 25 Apr 2018",18:22:03 GMT, 24:24:02 GMT,06:01:59,6.03,"Thu, 26 Apr 2018 01:41:10 GMT",6.337,2_39_79_382_2018-04-25 18:22:03.219076,2,CA-491,2-39-79-382,America/Los_Angeles,,,
5bc90cb9f9af8b0d7fe77cf3,39,"Wed, 25 Apr 2018",18:47:12 GMT,19:36:38 GMT,00:49:36,0.83,"Wed, 25 Apr 2018 19:36:31 GMT",2.375,2_39_78_366_2018-04-25 18:47:11.743708,2,CA-323,2-39-78-366,America/Los_Angeles,,,
5bc90cb9f9af8b0d7fe77cf4,39,"Wed, 25 Apr 2018", 19:32:05 GMT,21:46:47 GMT,02:14:42,2.25,"Wed, 25 Apr 2018 21:47:47 GMT",6.523,2_39_78_362_2018-04-25 19:32:04.994953,2,CA-496,2-39-78-362,America/Los_Angeles,,,
5bc90cb9f9af8b0d7fe77cf5,39,"Wed, 25 Apr 2018", 19:33:01 GMT,23:43:32 GMT,04:11:32,4.19,"Wed, 25 Apr 2018 20:25:58 GMT",2.203,2_39_78_367_2018-04-25 19:33:01.165970,2,CA-494,2-39-78-367,America/Los_Angeles,,,
5bc90cb9f9af8b0d7fe77cf6,39,"Wed, 25 Apr 2018",19:40:02 GMT,24:17:12 GMT,04:37:12,4.62,"Wed, 25 Apr 2018 22:07:12 GMT",7.738,2_39_91_441_2018-04-25 19:40:02.051458,2,CA-499,2-39-91-441,America/Los_Angeles,,,
5bc90cb9f9af8b0d7fe77cf7,39,"Wed, 25 Apr 2018",19:41:42 GMT, 24:35:28 GMT,04:54:06,4.9,"Wed, 25 Apr 2018 23:12:06 GMT",12.94,2_39_79_377_2018-04-25 19:41:42.209444,2,CA-325,2-39-79-377,America/Los_Angeles,,,
5bc90cb9f9af8b0d7fe77cf8,39,"Wed, 25 Apr 2018", 19:43:13 GMT, 24:56:23 GMT,05:12:10,5.2,"Thu, 26 Apr 2018 00:56:17 GMT",14.328,2_39_78_366_2018-04-25 19:43:13.444818,2,CA-323,2-39-78-366,America/Los_Angeles,,,
5bc90cb9f9af8b0d7fe77cf9,39,"Wed, 25 Apr 2018", 20:14:50 GMT,23:56:33 GMT,03:41:43,3.7,"Wed, 25 Apr 2018 23:28:12 GMT",4.189,2_39_79_376_2018-04-25 20:14:49.585487,2,CA-324,2-39-79-376,America/Los_Angeles,,,
5bc90cb9f9af8b0d7fe77cfa,39,"Wed, 25 Apr 2018",20:30:49 GMT, 26:52:48 GMT,06:31:59,6.53,"Wed, 25 Apr 2018 21:05:52 GMT",0.829,2_39_125_21_2018-04-25 20:30:48.546707,2,CA-311,2-39-125-21,America/Los_Angeles,,,
5bc90cb9f9af8b0d7fe77cfb,39,"Wed, 25 Apr 2018",21:57:42 GMT, 27:06:25 GMT,05:08:43,5.15,"Thu, 26 Apr 2018 03:07:23 GMT",27.743,2_39_78_362_2018-04-25 21:57:41.664229,2,CA-496,2-39-78-362,America/Los_Angeles,,,
5bc90cb9f9af8b0d7fe77cfc,39,"Wed, 25 Apr 2018",22:17:32 GMT, 26:07:17 GMT,03:49:45,3.83,"Thu, 26 Apr 2018 01:13:17 GMT",12.692,2_39_90_440_2018-04-25 22:17:32.279706,2,CA-500,2-39-90-440,America/Los_Angeles,,,
5bc90cb9f9af8b0d7fe77cfd,39,"Wed, 25 Apr 2018",22:42:48 GMT,23:36:11 GMT,00:53:23,0.89,"Wed, 25 Apr 2018 23:18:46 GMT",1.304,2_39_88_438_2018-04-25 22:42:48.381752,2,CA-502,2-39-88-438,America/Los_Angeles,,,
5bc90cb9f9af8b0d7fe77cfe,39,"Thu, 26 Apr 2018", 00:02:16 GMT, 02:11:35 GMT,02:09:19,2.16,"Thu, 26 Apr 2018 02:00:58 GMT",11.466,2_39_79_380_2018-04-26 00:02:15.719927,2,CA-489,2-39-79-380,America/Los_Angeles,,,
5bc90cb9f9af8b0d7fe77cff,39,"Thu, 26 Apr 2018", 00:03:03 GMT, 04:31:41 GMT,04:28:38,4.48,"Thu, 26 Apr 2018 03:32:19 GMT",11.695,2_39_79_379_2018-04-26 00:03:03.183150,2,CA-327,2-39-79-379,America/Los_Angeles,,,
5bc90cb9f9af8b0d7fe77d00,39,"Thu, 26 Apr 2018", 00:05:36 GMT, 00:31:05 GMT,00:25:29,0.42,"Thu, 26 Apr 2018 00:30:52 GMT",2.87,2_39_88_438_2018-04-26 00:05:36.143402,2,CA-502,2-39-88-438,America/Los_Angeles,,,
5bc90cb9f9af8b0d7fe77d01,39,"Thu, 26 Apr 2018", 00:07:10 GMT, 04:17:45 GMT,04:10:35,4.18,"Thu, 26 Apr 2018 01:16:50 GMT",2.264,2_39_79_381_2018-04-26 00:07:09.533117,2,CA-490,2-39-79-381,America/Los_Angeles,,,
5bc90cb9f9af8b0d7fe77d02,39,"Thu, 26 Apr 2018", 01:21:28 GMT, 11:31:13 GMT,10:09:35,10.16,"Thu, 26 Apr 2018 09:20:00 GMT",1.02,2_39_78_367_2018-04-26 01:21:27.557439,2,CA-494,2-39-78-367,America/Los_Angeles,,,
5bc90cb9f9af8b0d7fe77d03,39,"Thu, 26 Apr 2018",01:40:29 GMT, 04:00:22 GMT,02:19:53,2.33,"Thu, 26 Apr 2018 02:32:53 GMT",5.023,2_39_139_28_2018-04-26 01:40:28.805199,2,CA-303,2-39-139-28,America/Los_Angeles,,,
5bc90cb9f9af8b0d7fe77d04,39,"Thu, 26 Apr 2018", 01:48:55 GMT,04:00:36 GMT,02:12:01,2.2,"Thu, 26 Apr 2018 03:18:33 GMT",8.693,2_39_127_19_2018-04-26 01:48:54.561755,2,CA-309,2-39-127-19,America/Los_Angeles,,,
5bc90cb9f9af8b0d7fe77d05,39,"Thu, 26 Apr 2018", 01:49:57 GMT, 03:48:38 GMT,01:58:41,1.98,"Thu, 26 Apr 2018 02:41:30 GMT",4.915,2_39_138_29_2018-04-26 01:49:57.021388,2,CA-304,2-39-138-29,America/Los_Angeles,,,
5bc90cb9f9af8b0d7fe77d06,39,"Thu, 26 Apr 2018", 02:17:10 GMT, 04:29:39 GMT,02:12:29,2.21,"Thu, 26 Apr 2018 04:29:34 GMT",13.892,2_39_123_23_2018-04-26 02:17:10.267290,2,CA-313,2-39-123-23,America/Los_Angeles,,,
5bc90cb9f9af8b0d7fe77d07,39,"Thu, 26 Apr 2018", 02:25:14 GMT, 02:36:24 GMT,00:11:10,0.19,"Thu, 26 Apr 2018 02:36:19 GMT",1.155,2_39_128_18_2018-04-26 02:25:13.890489,2,CA-308,2-39-128-18,America/Los_Angeles,,,
5bc90cb9f9af8b0d7fe77d08,39,"Thu, 26 Apr 2018", 02:36:02 GMT,04:38:47 GMT,02:02:45,2.05,"Thu, 26 Apr 2018 04:34:34 GMT",11.891,2_39_95_27_2018-04-26 02:36:01.816238,2,CA-319,2-39-95-27,America/Los_Angeles,,,
5bc90cb9f9af8b0d7fe77d09,39,"Thu, 26 Apr 2018", 02:49:57 GMT, 04:24:44 GMT,01:34:47,1.58,"Thu, 26 Apr 2018 04:00:57 GMT",6.956,2_39_91_437_2018-04-26 02:49:57.469463,2,CA-317,2-39-91-437,America/Los_Angeles,,,
5bc90cb9f9af8b0d7fe77d0a,39,"Thu, 26 Apr 2018", 03:07:04 GMT,03:30:00 GMT,00:22:56,0.38,"Thu, 26 Apr 2018 03:29:55 GMT",2.568,2_39_128_18_2018-04-26 03:07:04.059557,2,CA-308,2-39-128-18,America/Los_Angeles,,,
5bc90cb9f9af8b0d7fe77d0b,39,"Thu, 26 Apr 2018", 03:13:44 GMT,16:47:48 GMT,13:34:04,13.57,"Thu, 26 Apr 2018 05:32:35 GMT",6.503,2_39_79_378_2018-04-26 03:13:43.624162,2,CA-326,2-39-79-378,America/Los_Angeles,,,
5bc90cb9f9af8b0d7fe77d0c,39,"Thu, 26 Apr 2018", 03:33:58 GMT, 05:36:31 GMT,02:02:33,2.04,"Thu, 26 Apr 2018 04:46:04 GMT",2.272,2_39_125_559_2018-04-26 03:33:57.793302,2,CA-505,2-39-125-559,America/Los_Angeles,,,
5bc90cb9f9af8b0d7fe77d0d,39,"Thu, 26 Apr 2018", 06:20:56 GMT,14:09:01 GMT,07:48:05,7.8,"Thu, 26 Apr 2018 14:08:56 GMT",13.926,2_39_139_28_2018-04-26 06:20:55.934927,2,CA-303,2-39-139-28,America/Los_Angeles,,,
5bc91212f9af8b0d98ff68ca,39,"Thu, 26 Apr 2018",11:31:17 GMT, 12:51:36 GMT,01:20:19,1.34,"Thu, 26 Apr 2018 12:51:30 GMT",4.632,2_39_78_364_2018-04-26 11:31:16.750134,2,CA-495,2-39-78-364,America/Los_Angeles,,,
5bc91212f9af8b0d98ff68cb,39,"Thu, 26 Apr 2018",13:25:08 GMT,25:17:37 GMT,11:52:29,11.87,"Thu, 26 Apr 2018 16:53:27 GMT",12.138,2_39_95_27_2018-04-26 13:25:08.191051,2,CA-319,2-39-95-27,America/Los_Angeles,,,
5bc91212f9af8b0d98ff68cc,39,"Thu, 26 Apr 2018",13:54:17 GMT, 23:08:24 GMT,09:14:07,9.24,"Thu, 26 Apr 2018 23:07:12 GMT",7.108,2_39_79_380_2018-04-26 13:54:16.774334,2,CA-489,2-39-79-380,America/Los_Angeles,,,
5bc91212f9af8b0d98ff68cd,39,"Thu, 26 Apr 2018",14:47:08 GMT, 24:59:45 GMT,10:12:37,10.21,"Fri, 27 Apr 2018 00:14:02 GMT",13.155,2_39_139_28_2018-04-26 14:47:07.799179,2,CA-303,2-39-139-28,America/Los_Angeles,,,
5bc91212f9af8b0d98ff68ce,39,"Thu, 26 Apr 2018", 14:59:44 GMT, 23:51:12 GMT,08:51:28,8.86,"Thu, 26 Apr 2018 16:09:28 GMT",7.186,2_39_79_376_2018-04-26 14:59:44.094036,2,CA-324,2-39-79-376,America/Los_Angeles,,,
5bc91212f9af8b0d98ff68cf,39,"Thu, 26 Apr 2018", 15:05:16 GMT,24:10:21 GMT,09:05:05,9.08,"Thu, 26 Apr 2018 16:06:18 GMT",2.354,2_39_79_381_2018-04-26 15:05:15.788498,2,CA-490,2-39-79-381,America/Los_Angeles,,,
5bc91212f9af8b0d98ff68d0,39,"Thu, 26 Apr 2018", 15:05:56 GMT, 23:16:29 GMT,08:10:33,8.18,"Thu, 26 Apr 2018 17:09:59 GMT",13.413,2_39_88_438_2018-04-26 15:05:55.670467,2,CA-502,2-39-88-438,America/Los_Angeles,,,
5bc91212f9af8b0d98ff68d1,39,"Thu, 26 Apr 2018", 15:27:50 GMT,24:14:34 GMT,08:46:44,8.78,"Thu, 26 Apr 2018 16:32:25 GMT",6.14,2_39_78_360_2018-04-26 15:27:50.360165,2,CA-322,2-39-78-360,America/Los_Angeles,,,
5bc91212f9af8b0d98ff68d2,39,"Thu, 26 Apr 2018", 15:28:15 GMT, 19:41:54 GMT,04:13:39,4.23,"Thu, 26 Apr 2018 19:00:07 GMT",6.087,2_39_138_29_2018-04-26 15:28:14.862980,2,CA-304,2-39-138-29,America/Los_Angeles,,,
5bc91212f9af8b0d98ff68d3,39,"Thu, 26 Apr 2018", 15:45:26 GMT, 24:30:02 GMT,08:44:36,8.74,"Thu, 26 Apr 2018 17:48:13 GMT",6.298,2_39_78_365_2018-04-26 15:45:25.544690,2,CA-321,2-39-78-365,America/Los_Angeles,,,
5bc91212f9af8b0d98ff68d4,39,"Thu, 26 Apr 2018", 15:46:05 GMT, 24:06:32 GMT,08:20:27,8.34,"Thu, 26 Apr 2018 16:55:21 GMT",4.182,2_39_79_377_2018-04-26 15:46:05.101599,2,CA-325,2-39-79-377,America/Los_Angeles,,,
5bc91212f9af8b0d98ff68d5,39,"Thu, 26 Apr 2018", 15:46:33 GMT, 24:41:11 GMT,08:54:38,8.91,"Thu, 26 Apr 2018 17:17:18 GMT",4.846,2_39_91_437_2018-04-26 15:46:32.723647,2,CA-317,2-39-91-437,America/Los_Angeles,,,
5bc91212f9af8b0d98ff68d6,39,"Thu, 26 Apr 2018", 15:47:39 GMT,21:46:12 GMT,05:58:33,5.98,"Thu, 26 Apr 2018 16:40:35 GMT",2.65,2_39_79_383_2018-04-26 15:47:39.378964,2,CA-492,2-39-79-383,America/Los_Angeles,,,
5bc91212f9af8b0d98ff68d7,39,"Thu, 26 Apr 2018", 15:55:18 GMT,19:27:14 GMT,03:31:56,3.53,"Thu, 26 Apr 2018 17:05:02 GMT",2.997,2_39_90_26_2018-04-26 15:55:17.797592,2,CA-316,2-39-90-26,America/Los_Angeles,,,
5bc91212f9af8b0d98ff68d8,39,"Thu, 26 Apr 2018", 15:56:04 GMT,18:30:00 GMT,02:33:56,2.57,"Thu, 26 Apr 2018 16:55:02 GMT",2.68,2_39_78_367_2018-04-26 15:56:03.627143,2,CA-494,2-39-78-367,America/Los_Angeles,,,
5bc91212f9af8b0d98ff68d9,39,"Thu, 26 Apr 2018", 15:57:16 GMT, 24:33:13 GMT,08:35:57,8.6,"Thu, 26 Apr 2018 17:59:37 GMT",3.54,2_39_126_20_2018-04-26 15:57:15.957331,2,CA-310,2-39-126-20,America/Los_Angeles,,,
5bc91212f9af8b0d98ff68da,39,"Thu, 26 Apr 2018", 15:59:53 GMT, 23:47:33 GMT,07:47:40,7.79,"Thu, 26 Apr 2018 16:44:39 GMT",1.916,2_39_89_25_2018-04-26 15:59:52.547723,2,CA-315,2-39-89-25,America/Los_Angeles,,,
5bc91212f9af8b0d98ff68db,39,"Thu, 26 Apr 2018",16:01:29 GMT, 24:01:37 GMT,08:00:18,8.01,"Thu, 26 Apr 2018 17:33:17 GMT",2.757,2_39_78_361_2018-04-26 16:01:29.497269,2,CA-493,2-39-78-361,America/Los_Angeles,,,
5bc91212f9af8b0d98ff68dc,39,"Thu, 26 Apr 2018", 16:01:58 GMT, 19:20:15 GMT,03:18:17,3.3,"Thu, 26 Apr 2018 19:20:10 GMT",10.248,2_39_123_23_2018-04-26 16:01:58.184015,2,CA-313,2-39-123-23,America/Los_Angeles,,,
5bc91212f9af8b0d98ff68dd,39,"Thu, 26 Apr 2018", 16:07:42 GMT, 24:44:12 GMT,08:36:30,8.61,"Fri, 27 Apr 2018 00:28:37 GMT",14,2_39_125_21_2018-04-26 16:07:42.331384,2,CA-311,2-39-125-21,America/Los_Angeles,,,
5bc91212f9af8b0d98ff68de,39,"Thu, 26 Apr 2018",16:09:35 GMT,23:56:57 GMT,07:47:22,7.79,"Thu, 26 Apr 2018 23:49:35 GMT",14.01,2_39_124_22_2018-04-26 16:09:34.799033,2,CA-312,2-39-124-22,America/Los_Angeles,,,
5bc91212f9af8b0d98ff68df,39,"Thu, 26 Apr 2018",16:20:52 GMT,18:24:32 GMT,02:03:40,2.06,"Thu, 26 Apr 2018 18:24:24 GMT",6.709,2_39_128_18_2018-04-26 16:20:51.916248,2,CA-308,2-39-128-18,America/Los_Angeles,,,
5bc91212f9af8b0d98ff68e0,39,"Thu, 26 Apr 2018", 16:21:31 GMT,27:18:49 GMT,10:57:18,10.96,"Fri, 27 Apr 2018 03:18:29 GMT",25.981,2_39_88_24_2018-04-26 16:21:30.898949,2,CA-314,2-39-88-24,America/Los_Angeles,,,
5bc91212f9af8b0d98ff68e1,39,"Thu, 26 Apr 2018", 16:38:47 GMT,24:49:04 GMT,08:10:17,8.17,"Thu, 26 Apr 2018 18:37:00 GMT",4.263,2_39_90_440_2018-04-26 16:38:46.876156,2,CA-500,2-39-90-440,America/Los_Angeles,,,
5bc91212f9af8b0d98ff68e2,39,"Thu, 26 Apr 2018", 16:41:12 GMT, 19:26:19 GMT,02:45:07,2.75,"Thu, 26 Apr 2018 19:26:14 GMT",5.723,2_39_91_441_2018-04-26 16:41:11.622709,2,CA-499,2-39-91-441,America/Los_Angeles,,,
5bc91212f9af8b0d98ff68e3,39,"Thu, 26 Apr 2018",16:53:04 GMT, 25:26:00 GMT,08:32:56,8.55,"Thu, 26 Apr 2018 18:25:40 GMT",4.384,2_39_92_442_2018-04-26 16:53:04.473197,2,CA-498,2-39-92-442,America/Los_Angeles,,,
5bc91212f9af8b0d98ff68e4,39,"Thu, 26 Apr 2018",16:58:21 GMT, 24:22:16 GMT,07:23:55,7.4,"Fri, 27 Apr 2018 00:22:10 GMT",9.914,2_39_78_364_2018-04-26 16:58:20.585146,2,CA-495,2-39-78-364,America/Los_Angeles,,,
5bc91212f9af8b0d98ff68e5,39,"Thu, 26 Apr 2018", 17:08:18 GMT,25:56:01 GMT,08:47:43,8.8,"Fri, 27 Apr 2018 00:56:59 GMT",10.411,2_39_78_362_2018-04-26 17:08:18.246027,2,CA-496,2-39-78-362,America/Los_Angeles,,,
5bc91212f9af8b0d98ff68e6,39,"Thu, 26 Apr 2018", 17:11:27 GMT,25:22:10 GMT,08:10:43,8.18,"Thu, 26 Apr 2018 20:40:26 GMT",9.026,2_39_79_378_2018-04-26 17:11:27.137449,2,CA-326,2-39-79-378,America/Los_Angeles,,,
5bc91212f9af8b0d98ff68e7,39,"Thu, 26 Apr 2018", 17:15:26 GMT,25:21:54 GMT,08:06:28,8.11,"Thu, 26 Apr 2018 21:23:13 GMT",14.422,2_39_95_444_2018-04-26 17:15:25.771871,2,CA-497,2-39-95-444,America/Los_Angeles,,,
5bc91212f9af8b0d98ff68e8,39,"Thu, 26 Apr 2018", 17:26:50 GMT, 25:10:34 GMT,07:43:44,7.73,"Thu, 26 Apr 2018 20:43:34 GMT",18.861,2_39_89_439_2018-04-26 17:26:50.303622,2,CA-501,2-39-89-439,America/Los_Angeles,,,
5bc91212f9af8b0d98ff68e9,39,"Thu, 26 Apr 2018", 17:39:42 GMT, 24:37:11 GMT,06:57:29,6.96,"Thu, 26 Apr 2018 19:07:32 GMT",5.728,2_39_123_557_2018-04-26 17:39:41.691514,2,CA-503,2-39-123-557,America/Los_Angeles,,,
5bc91212f9af8b0d98ff68ea,39,"Thu, 26 Apr 2018", 18:43:12 GMT,23:33:27 GMT,04:50:15,4.84,"Thu, 26 Apr 2018 19:51:48 GMT",2.528,2_39_78_367_2018-04-26 18:43:12.499350,2,CA-494,2-39-78-367,America/Los_Angeles,,,
5bc91212f9af8b0d98ff68eb,39,"Thu, 26 Apr 2018", 19:38:28 GMT, 26:43:36 GMT,07:05:08,7.09,"Fri, 27 Apr 2018 00:01:06 GMT",2.628,2_39_91_441_2018-04-26 19:38:27.747784,2,CA-499,2-39-91-441,America/Los_Angeles,,,
5bc91212f9af8b0d98ff68ec,39,"Thu, 26 Apr 2018", 20:17:40 GMT, 23:38:34 GMT,03:20:54,3.35,"Thu, 26 Apr 2018 20:52:09 GMT",1.306,2_39_78_366_2018-04-26 20:17:40.431300,2,CA-323,2-39-78-366,America/Los_Angeles,,,
5bc91212f9af8b0d98ff68ed,39,"Thu, 26 Apr 2018", 20:27:49 GMT, 26:57:22 GMT,06:29:33,6.49,"Thu, 26 Apr 2018 21:05:07 GMT",1.801,2_39_131_30_2018-04-26 20:27:49.123093,2,CA-305,2-39-131-30,America/Los_Angeles,,,
5bc91212f9af8b0d98ff68ee,39,"Thu, 26 Apr 2018", 21:02:30 GMT, 24:20:54 GMT,03:18:24,3.31,"Thu, 26 Apr 2018 22:51:42 GMT",5.576,2_39_128_18_2018-04-26 21:02:29.696365,2,CA-308,2-39-128-18,America/Los_Angeles,,,
5bc91212f9af8b0d98ff68ef,39,"Thu, 26 Apr 2018", 21:18:45 GMT, 26:52:20 GMT,05:33:35,5.56,"Fri, 27 Apr 2018 01:09:24 GMT",16,2_39_78_363_2018-04-26 21:18:44.667990,2,CA-320,2-39-78-363,America/Los_Angeles,,,
5bc91212f9af8b0d98ff68f0,39,"Thu, 26 Apr 2018", 23:04:49 GMT,23:47:16 GMT,00:42:27,0.71,"Thu, 26 Apr 2018 23:32:07 GMT",0.852,2_39_91_437_2018-04-26 23:04:48.644211,2,CA-317,2-39-91-437,America/Los_Angeles,,,
5bc91212f9af8b0d98ff68f1,39,"Fri, 27 Apr 2018",01:17:43 GMT, 01:51:04 GMT,00:33:21,0.56,"Fri, 27 Apr 2018 01:51:00 GMT",1.829,2_39_138_29_2018-04-27 01:17:42.537477,2,CA-304,2-39-138-29,America/Los_Angeles,,,
5bc91212f9af8b0d98ff68f2,39,"Fri, 27 Apr 2018", 01:22:57 GMT, 05:44:03 GMT,04:21:06,4.35,"Fri, 27 Apr 2018 17:43:11 GMT",13.927,2_39_125_21_2018-04-27 01:22:56.974212,2,CA-311,2-39-125-21,America/Los_Angeles,,,
5bc91212f9af8b0d98ff68f3,39,"Fri, 27 Apr 2018", 01:40:52 GMT, 03:53:24 GMT,02:12:32,2.21,"Fri, 27 Apr 2018 03:53:16 GMT",13.872,2_39_139_28_2018-04-27 01:40:51.744743,2,CA-303,2-39-139-28,America/Los_Angeles,,,
5bc91212f9af8b0d98ff68f4,39,"Fri, 27 Apr 2018", 01:50:34 GMT, 03:42:49 GMT,01:52:15,1.87,"Fri, 27 Apr 2018 02:47:02 GMT",5.654,2_39_127_19_2018-04-27 01:50:33.898642,2,CA-309,2-39-127-19,America/Los_Angeles,,,
5bc91212f9af8b0d98ff68f5,39,"Fri, 27 Apr 2018", 02:04:43 GMT, 03:47:34 GMT,01:42:41,1.71,"Fri, 27 Apr 2018 03:24:02 GMT",2.558,2_39_130_31_2018-04-27 02:04:42.603854,2,CA-306,2-39-130-31,America/Los_Angeles,,,
5bc91212f9af8b0d98ff68f6,39,"Fri, 27 Apr 2018",03:10:05 GMT,16:49:09 GMT,13:39:04,13.65,"Fri, 27 Apr 2018 05:09:39 GMT",6.417,2_39_79_379_2018-04-27 03:10:05.502403,2,CA-327,2-39-79-379,America/Los_Angeles,,,
5bc91212f9af8b0d98ff68f7,39,"Fri, 27 Apr 2018",03:29:59 GMT,04:19:11 GMT,00:49:12,0.82,"Fri, 27 Apr 2018 04:19:06 GMT",5.56,2_39_138_29_2018-04-27 03:29:59.143244,2,CA-304,2-39-138-29,America/Los_Angeles,,,
5bc91212f9af8b0d98ff68f8,39,"Fri, 27 Apr 2018", 05:06:13 GMT,09:54:36 GMT,04:48:23,4.81,"Fri, 27 Apr 2018 05:25:43 GMT",0.546,2_39_79_380_2018-04-27 05:06:12.776665,2,CA-489,2-39-79-380,America/Los_Angeles,,,
5bc9153cf9af8b0dad3c05ed,39,"Fri, 27 Apr 2018", 13:16:28 GMT,25:10:32 GMT,11:54:04,11.9,"Sat, 28 Apr 2018 01:10:09 GMT",11.323,2_39_95_27_2018-04-27 13:16:27.810757,2,CA-319,2-39-95-27,America/Los_Angeles,,,
5bc9153cf9af8b0dad3c05ee,39,"Fri, 27 Apr 2018", 14:14:39 GMT, 15:24:24 GMT,01:09:45,1.16,"Fri, 27 Apr 2018 15:24:19 GMT",3.981,2_39_127_19_2018-04-27 14:14:38.589847,2,CA-309,2-39-127-19,America/Los_Angeles,,,
5bc9153cf9af8b0dad3c05ef,39,"Fri, 27 Apr 2018", 14:41:42 GMT, 21:32:39 GMT,06:50:57,6.85,"Fri, 27 Apr 2018 18:35:58 GMT",17.634,2_39_79_383_2018-04-27 14:41:42.363419,2,CA-492,2-39-79-383,America/Los_Angeles,,,
5bc9153cf9af8b0dad3c05f0,39,"Fri, 27 Apr 2018",15:00:26 GMT, 23:47:28 GMT,08:47:02,8.78,"Fri, 27 Apr 2018 23:47:24 GMT",7.288,2_39_79_378_2018-04-27 15:00:25.982759,2,CA-326,2-39-79-378,America/Los_Angeles,,,
5bc9153cf9af8b0dad3c05f1,39,"Fri, 27 Apr 2018",15:09:06 GMT, 23:53:35 GMT,08:44:29,8.74,"Fri, 27 Apr 2018 17:07:50 GMT",6.236,2_39_78_366_2018-04-27 15:09:06.128880,2,CA-323,2-39-78-366,America/Los_Angeles,,,
5bc9153cf9af8b0dad3c05f2,39,"Fri, 27 Apr 2018", 15:09:39 GMT, 24:30:52 GMT,09:21:13,9.35,"Fri, 27 Apr 2018 16:35:56 GMT",9.3,2_39_123_557_2018-04-27 15:09:39.108889,2,CA-503,2-39-123-557,America/Los_Angeles,,,
5bc9153cf9af8b0dad3c05f3,39,"Fri, 27 Apr 2018",15:14:35 GMT, 23:38:56 GMT,08:24:21,8.41,"Fri, 27 Apr 2018 16:12:35 GMT",2.945,2_39_79_377_2018-04-27 15:14:35.457339,2,CA-325,2-39-79-377,America/Los_Angeles,,,
5bc9153cf9af8b0dad3c05f4,39,"Fri, 27 Apr 2018", 15:15:12 GMT, 19:19:08 GMT,04:03:56,4.07,"Fri, 27 Apr 2018 17:11:23 GMT",4.85,2_39_139_28_2018-04-27 15:15:12.301045,2,CA-303,2-39-139-28,America/Los_Angeles,,,
5bc9153cf9af8b0dad3c05f5,39,"Fri, 27 Apr 2018",15:16:03 GMT, 21:51:08 GMT,06:35:05,6.58,"Fri, 27 Apr 2018 20:11:20 GMT",10.978,2_39_131_30_2018-04-27 15:16:02.742679,2,CA-305,2-39-131-30,America/Los_Angeles,,,
5bc9153cf9af8b0dad3c05f6,39,"Fri, 27 Apr 2018",15:19:27 GMT,16:44:50 GMT,01:25:23,1.42,"Fri, 27 Apr 2018 16:28:32 GMT",3.846,2_39_79_380_2018-04-27 15:19:26.888099,2,CA-489,2-39-79-380,America/Los_Angeles,,,
5bc9153cf9af8b0dad3c05f7,39,"Fri, 27 Apr 2018", 15:27:27 GMT, 26:04:59 GMT,10:37:32,10.63,"Fri, 27 Apr 2018 19:45:29 GMT",19.124,2_39_91_441_2018-04-27 15:27:26.624807,2,CA-499,2-39-91-441,America/Los_Angeles,,,
5bc9153cf9af8b0dad3c05f8,39,"Fri, 27 Apr 2018", 15:31:38 GMT,23:51:59 GMT,08:20:21,8.34,"Fri, 27 Apr 2018 16:39:35 GMT",3.259,2_39_78_367_2018-04-27 15:31:37.615451,2,CA-494,2-39-78-367,America/Los_Angeles,,,
5bc9153cf9af8b0dad3c05f9,39,"Fri, 27 Apr 2018", 15:42:36 GMT, 20:42:01 GMT,04:59:29,4.99,"Fri, 27 Apr 2018 20:35:54 GMT",13.972,2_39_126_20_2018-04-27 15:42:36.345767,2,CA-310,2-39-126-20,America/Los_Angeles,,,
5bc9153cf9af8b0dad3c05fa,39,"Fri, 27 Apr 2018", 16:19:01 GMT, 22:22:22 GMT,06:03:21,6.06,"Fri, 27 Apr 2018 21:26:10 GMT",16.95,2_39_78_361_2018-04-27 16:19:00.821882,2,CA-493,2-39-78-361,America/Los_Angeles,,,
5bc9153cf9af8b0dad3c05fb,39,"Fri, 27 Apr 2018",16:25:09 GMT,19:19:59 GMT,02:54:50,2.91,"Fri, 27 Apr 2018 19:19:55 GMT",6.444,2_39_123_23_2018-04-27 16:25:09.116295,2,CA-313,2-39-123-23,America/Los_Angeles,,,
5bc9153cf9af8b0dad3c05fc,39,"Fri, 27 Apr 2018", 16:27:57 GMT, 25:29:56 GMT,09:01:59,9.03,"Fri, 27 Apr 2018 18:26:41 GMT",9.064,2_39_88_24_2018-04-27 16:27:56.738325,2,CA-314,2-39-88-24,America/Los_Angeles,,,
5bc9153cf9af8b0dad3c05fd,39,"Fri, 27 Apr 2018",16:28:35 GMT,19:47:20 GMT,03:18:45,3.31,"Fri, 27 Apr 2018 19:26:02 GMT",9.67,2_39_90_26_2018-04-27 16:28:35.400244,2,CA-316,2-39-90-26,America/Los_Angeles,,,
5bc9153cf9af8b0dad3c05fe,39,"Fri, 27 Apr 2018",16:37:18 GMT, 24:40:11 GMT,08:02:53,8.05,"Fri, 27 Apr 2018 21:56:14 GMT",30.553,2_39_91_437_2018-04-27 16:37:18.422976,2,CA-317,2-39-91-437,America/Los_Angeles,,,
5bc9153cf9af8b0dad3c05ff,39,"Fri, 27 Apr 2018", 16:38:52 GMT,20:37:17 GMT,03:58:25,3.97,"Fri, 27 Apr 2018 18:06:32 GMT",2.485,2_39_79_381_2018-04-27 16:38:51.959294,2,CA-490,2-39-79-381,America/Los_Angeles,,,
5bc9153cf9af8b0dad3c0600,39,"Fri, 27 Apr 2018",16:43:29 GMT, 26:39:45 GMT,09:56:16,9.94,"Fri, 27 Apr 2018 17:51:26 GMT",2.219,2_39_89_25_2018-04-27 16:43:29.490040,2,CA-315,2-39-89-25,America/Los_Angeles,,,
5bc9153cf9af8b0dad3c0601,39,"Fri, 27 Apr 2018", 16:47:18 GMT,18:11:50 GMT,01:24:32,1.41,"Fri, 27 Apr 2018 18:11:41 GMT",5.606,2_39_79_376_2018-04-27 16:47:18.146526,2,CA-324,2-39-79-376,America/Los_Angeles,,,
5bc9153cf9af8b0dad3c0602,39,"Fri, 27 Apr 2018", 16:51:19 GMT, 23:50:42 GMT,06:59:33,6.99,"Fri, 27 Apr 2018 19:06:52 GMT",5.805,2_39_90_440_2018-04-27 16:51:19.354387,2,CA-500,2-39-90-440,America/Los_Angeles,,,
5bc9153cf9af8b0dad3c0603,39,"Fri, 27 Apr 2018",16:56:15 GMT,22:14:39 GMT,05:18:24,5.31,"Fri, 27 Apr 2018 21:38:18 GMT",11.729,2_39_78_360_2018-04-27 16:56:15.157137,2,CA-322,2-39-78-360,America/Los_Angeles,,,
5bc9153cf9af8b0dad3c0604,39,"Fri, 27 Apr 2018",17:03:53 GMT,26:13:09 GMT,09:09:16,9.15,"Fri, 27 Apr 2018 19:25:56 GMT",11.831,2_39_92_442_2018-04-27 17:03:53.000602,2,CA-498,2-39-92-442,America/Los_Angeles,,,
5bc9153cf9af8b0dad3c0605,39,"Fri, 27 Apr 2018", 17:10:25 GMT, 24:32:05 GMT,07:21:40,7.36,"Fri, 27 Apr 2018 20:20:34 GMT",15.894,2_39_79_380_2018-04-27 17:10:24.546834,2,CA-489,2-39-79-380,America/Los_Angeles,,,
5bc9153cf9af8b0dad3c0606,39,"Fri, 27 Apr 2018", 17:19:02 GMT, 23:09:55 GMT,05:49:53,5.83,"Fri, 27 Apr 2018 21:14:50 GMT",9.823,2_39_78_364_2018-04-27 17:19:01.776708,2,CA-495,2-39-78-364,America/Los_Angeles,,,
5bc9153cf9af8b0dad3c0607,39,"Fri, 27 Apr 2018", 17:26:41 GMT,19:47:41 GMT,02:21:00,2.35,"Fri, 27 Apr 2018 18:11:45 GMT",1.832,2_39_92_436_2018-04-27 17:26:40.723495,2,CA-318,2-39-92-436,America/Los_Angeles,,,
5bc9153cf9af8b0dad3c0608,39,"Fri, 27 Apr 2018", 17:32:30 GMT, 25:17:34 GMT,07:45:04,7.75,"Fri, 27 Apr 2018 21:57:18 GMT",21.669,2_39_95_444_2018-04-27 17:32:29.773901,2,CA-497,2-39-95-444,America/Los_Angeles,,,
5bc9153cf9af8b0dad3c0609,39,"Fri, 27 Apr 2018", 18:17:36 GMT, 24:29:23 GMT,06:11:37,6.19,"Sat, 28 Apr 2018 00:30:23 GMT",1.759,2_39_78_362_2018-04-27 18:17:36.209565,2,CA-496,2-39-78-362,America/Los_Angeles,,,
5bc9153cf9af8b0dad3c060a,39,"Fri, 27 Apr 2018", 18:18:21 GMT, 28:03:54 GMT,09:45:33,9.76,"Fri, 27 Apr 2018 23:57:03 GMT",2.531,2_39_88_438_2018-04-27 18:18:21.333966,2,CA-502,2-39-88-438,America/Los_Angeles,,,
5bc9153cf9af8b0dad3c060b,39,"Fri, 27 Apr 2018", 18:32:36 GMT, 23:41:31 GMT,05:08:55,5.15,"Fri, 27 Apr 2018 20:06:34 GMT",2.848,2_39_78_363_2018-04-27 18:32:36.038417,2,CA-320,2-39-78-363,America/Los_Angeles,,,
5bc9153cf9af8b0dad3c060c,39,"Fri, 27 Apr 2018",19:59:49 GMT, 24:16:08 GMT,04:16:19,4.27,"Fri, 27 Apr 2018 22:31:26 GMT",13.871,2_39_139_28_2018-04-27 19:59:48.978622,2,CA-303,2-39-139-28,America/Los_Angeles,,,
5bc9153cf9af8b0dad3c060d,39,"Fri, 27 Apr 2018",20:15:40 GMT, 22:27:25 GMT,02:11:45,2.2,"Fri, 27 Apr 2018 22:21:06 GMT",6.523,2_39_92_436_2018-04-27 20:15:40.252620,2,CA-318,2-39-92-436,America/Los_Angeles,,,
5bc9153cf9af8b0dad3c060e,39,"Fri, 27 Apr 2018",20:29:42 GMT,25:00:33 GMT,04:30:51,4.51,"Fri, 27 Apr 2018 21:04:26 GMT",1.158,2_39_125_21_2018-04-27 20:29:41.830556,2,CA-311,2-39-125-21,America/Los_Angeles,,,
5bc9153cf9af8b0dad3c060f,39,"Fri, 27 Apr 2018",21:25:00 GMT, 23:40:10 GMT,02:15:10,2.25,"Fri, 27 Apr 2018 23:40:05 GMT",11.337,2_39_90_26_2018-04-27 21:24:59.677135,2,CA-316,2-39-90-26,America/Los_Angeles,,,
5bc9153cf9af8b0dad3c0610,39,"Fri, 27 Apr 2018", 22:46:32 GMT, 24:33:17 GMT,01:46:45,1.78,"Sat, 28 Apr 2018 00:21:39 GMT",10.577,2_39_131_30_2018-04-27 22:46:32.341027,2,CA-305,2-39-131-30,America/Los_Angeles,,,
5bc9153cf9af8b0dad3c0611,39,"Sat, 28 Apr 2018", 00:14:16 GMT,04:29:49 GMT,04:15:33,4.26,"Sat, 28 Apr 2018 04:29:47 GMT",12.49,2_39_79_381_2018-04-28 00:14:16.209245,2,CA-490,2-39-79-381,America/Los_Angeles,,,
5bc9153cf9af8b0dad3c0612,39,"Sat, 28 Apr 2018", 00:26:33 GMT,18:10:27 GMT,18:10:27,18.17,"Sat, 28 Apr 2018 04:57:21 GMT",15.432,2_39_79_379_2018-04-28 00:26:32.641529,2,CA-327,2-39-79-379,America/Los_Angeles,,,
5bc9153cf9af8b0dad3c0613,39,"Sat, 28 Apr 2018", 00:34:19 GMT,02:44:22 GMT,02:10:03,2.17,"Sat, 28 Apr 2018 02:44:19 GMT",13.31,2_39_124_22_2018-04-28 00:34:19.166123,2,CA-312,2-39-124-22,America/Los_Angeles,,,
5bc9153cf9af8b0dad3c0614,39,"Sat, 28 Apr 2018", 00:54:21 GMT, 02:59:28 GMT,02:05:07,2.09,"Sat, 28 Apr 2018 02:16:57 GMT",4.254,2_39_92_436_2018-04-28 00:54:20.639506,2,CA-318,2-39-92-436,America/Los_Angeles,,,
5bc9153cf9af8b0dad3c0615,39,"Sat, 28 Apr 2018", 01:31:06 GMT,04:21:52 GMT,02:50:46,2.85,"Sat, 28 Apr 2018 04:20:01 GMT",13.191,2_39_79_377_2018-04-28 01:31:06.188165,2,CA-325,2-39-79-377,America/Los_Angeles,,,
5bc9153cf9af8b0dad3c0616,39,"Sat, 28 Apr 2018", 01:39:36 GMT, 05:59:41 GMT,04:20:05,4.33,"Sat, 28 Apr 2018 06:00:32 GMT",14.102,2_39_131_30_2018-04-28 01:39:35.976470,2,CA-305,2-39-131-30,America/Los_Angeles,,,
5bc9153cf9af8b0dad3c0617,39,"Sat, 28 Apr 2018", 01:45:55 GMT, 03:01:11 GMT,01:15:16,1.25,"Sat, 28 Apr 2018 03:01:06 GMT",4.002,2_39_139_28_2018-04-28 01:45:54.820735,2,CA-303,2-39-139-28,America/Los_Angeles,,,
5bc9153cf9af8b0dad3c0618,39,"Sat, 28 Apr 2018", 02:01:09 GMT, 06:36:51 GMT,04:35:42,4.6,"Sat, 28 Apr 2018 18:30:41 GMT",14.268,2_39_126_20_2018-04-28 02:01:09.080764,2,CA-310,2-39-126-20,America/Los_Angeles,,,
5bc9153cf9af8b0dad3c0619,39,"Sat, 28 Apr 2018", 03:15:17 GMT, 04:40:01 GMT,01:24:44,1.41,"Sat, 28 Apr 2018 04:39:29 GMT",4.229,2_39_92_442_2018-04-28 03:15:17.222958,2,CA-498,2-39-92-442,America/Los_Angeles,,,
5bc9153cf9af8b0dad3c061a,39,"Sat, 28 Apr 2018", 03:32:07 GMT, 19:53:21 GMT,16:21:14,16.35,"Sat, 28 Apr 2018 19:53:28 GMT",39.897,2_39_79_383_2018-04-28 03:32:06.715794,2,CA-492,2-39-79-383,America/Los_Angeles,,,
5bc9153cf9af8b0dad3c061b,39,"Sat, 28 Apr 2018", 03:49:38 GMT, 16:06:50 GMT,12:17:02,12.28,"Sat, 28 Apr 2018 05:52:30 GMT",6.419,2_39_79_378_2018-04-28 03:49:37.767000,2,CA-326,2-39-79-378,America/Los_Angeles,,,
5bc9153cf9af8b0dad3c061c,39,"Sat, 28 Apr 2018", 04:10:59 GMT, 20:31:14 GMT,16:20:15,16.34,"Sat, 28 Apr 2018 20:32:12 GMT",41.924,2_39_89_25_2018-04-28 04:10:59.017020,2,CA-315,2-39-89-25,America/Los_Angeles,,,
5bc9153cf9af8b0dad3c061d,39,"Sat, 28 Apr 2018", 04:33:52 GMT, 08:01:00 GMT,03:27:08,3.45,"Sat, 28 Apr 2018 08:00:54 GMT",11.873,2_39_78_367_2018-04-28 04:33:52.322286,2,CA-494,2-39-78-367,America/Los_Angeles,,,
5bc9153cf9af8b0dad3c061e,39,"Sat, 28 Apr 2018",05:00:56 GMT,17:45:55 GMT,12:44:59,12.75,"Sat, 28 Apr 2018 17:10:11 GMT",33.381,2_39_78_366_2018-04-28 05:00:55.531218,2,CA-323,2-39-78-366,America/Los_Angeles,,,
5bc9153cf9af8b0dad3c061f,39,"Sat, 28 Apr 2018",06:02:40 GMT,21:07:54 GMT,15:05:14,15.09,"Sat, 28 Apr 2018 08:48:22 GMT",16.741,2_39_78_365_2018-04-28 06:02:39.544274,2,CA-321,2-39-78-365,America/Los_Angeles,,,
5bc91570f9af8b0dad3c0620,39,"Sat, 28 Apr 2018",12:30:38 GMT, 14:07:09 GMT,01:36:31,1.61,"Sat, 28 Apr 2018 14:07:05 GMT",5.652,2_39_78_367_2018-04-28 12:30:38.169054,2,CA-494,2-39-78-367,America/Los_Angeles,,,
5bc91570f9af8b0dad3c0621,39,"Sat, 28 Apr 2018",13:08:46 GMT,13:29:20 GMT,00:20:34,0.34,"Sat, 28 Apr 2018 13:29:15 GMT",2.284,2_39_124_22_2018-04-28 13:08:46.118367,2,CA-312,2-39-124-22,America/Los_Angeles,,,
5bc91570f9af8b0dad3c0622,39,"Sat, 28 Apr 2018", 14:03:42 GMT, 15:57:22 GMT,01:53:40,1.89,"Sat, 28 Apr 2018 14:53:27 GMT",1.581,2_39_139_28_2018-04-28 14:03:41.944685,2,CA-303,2-39-139-28,America/Los_Angeles,,,
5bc91570f9af8b0dad3c0623,39,"Sat, 28 Apr 2018", 14:51:33 GMT,16:50:53 GMT,02:09:20,2.16,"Sat, 28 Apr 2018 16:50:49 GMT",13.508,2_39_131_30_2018-04-28 14:51:32.982840,2,CA-305,2-39-131-30,America/Los_Angeles,,,
5bc91570f9af8b0dad3c0624,39,"Sat, 28 Apr 2018", 15:17:54 GMT, 16:52:05 GMT,01:34:11,1.57,"Sat, 28 Apr 2018 16:51:57 GMT",5.275,2_39_123_23_2018-04-28 15:17:54.026514,2,CA-313,2-39-123-23,America/Los_Angeles,,,
5bc91570f9af8b0dad3c0625,39,"Sat, 28 Apr 2018", 15:43:56 GMT, 24:04:44 GMT,08:20:48,8.35,"Sat, 28 Apr 2018 18:32:31 GMT",18.737,2_39_79_380_2018-04-28 15:43:56.170913,2,CA-489,2-39-79-380,America/Los_Angeles,,,
5bc91570f9af8b0dad3c0626,39,"Sat, 28 Apr 2018",16:06:31 GMT, 17:07:44 GMT,01:01:13,1.02,"Sat, 28 Apr 2018 17:07:42 GMT",3.537,2_39_79_377_2018-04-28 16:06:31.174293,2,CA-325,2-39-79-377,America/Los_Angeles,,,
5bc91570f9af8b0dad3c0627,39,"Sat, 28 Apr 2018", 16:49:44 GMT,18:52:00 GMT,02:02:06,2.04,"Sat, 28 Apr 2018 18:51:29 GMT",3.242,2_39_95_27_2018-04-28 16:49:43.608068,2,CA-319,2-39-95-27,America/Los_Angeles,,,
5bc91570f9af8b0dad3c0628,39,"Sat, 28 Apr 2018",17:04:52 GMT, 20:06:15 GMT,03:01:23,3.02,"Sat, 28 Apr 2018 20:06:14 GMT",17.61,2_39_78_361_2018-04-28 17:04:52.010463,2,CA-493,2-39-78-361,America/Los_Angeles,,,
5bc91570f9af8b0dad3c0629,39,"Sat, 28 Apr 2018",17:22:23 GMT, 19:41:42 GMT,02:20:19,2.34,"Sat, 28 Apr 2018 19:41:05 GMT",13.915,2_39_130_31_2018-04-28 17:22:23.394062,2,CA-306,2-39-130-31,America/Los_Angeles,,,
5bc91570f9af8b0dad3c062a,39,"Sat, 28 Apr 2018", 17:46:54 GMT, 18:58:10 GMT,01:11:16,1.19,"Sat, 28 Apr 2018 18:58:06 GMT",7.292,2_39_139_28_2018-04-28 17:46:54.027865,2,CA-303,2-39-139-28,America/Los_Angeles,,,
5bc91570f9af8b0dad3c062b,39,"Sat, 28 Apr 2018", 18:10:26 GMT, 19:24:39 GMT,01:14:13,1.24,"Sat, 28 Apr 2018 19:24:34 GMT",8.469,2_39_131_30_2018-04-28 18:10:25.715156,2,CA-305,2-39-131-30,America/Los_Angeles,,,
5bc91570f9af8b0dad3c062c,39,"Sat, 28 Apr 2018",18:17:44 GMT, 21:06:12 GMT,02:48:28,2.81,"Sat, 28 Apr 2018 19:48:30 GMT",8.968,2_39_127_19_2018-04-28 18:17:43.921905,2,CA-309,2-39-127-19,America/Los_Angeles,,,
5bc91570f9af8b0dad3c062d,39,"Sat, 28 Apr 2018",18:20:11 GMT, 19:41:02 GMT,01:20:41,1.34,"Sat, 28 Apr 2018 19:40:57 GMT",4.445,2_39_125_21_2018-04-28 18:20:10.887408,2,CA-311,2-39-125-21,America/Los_Angeles,,,
5bc91570f9af8b0dad3c062e,39,"Sat, 28 Apr 2018", 18:27:39 GMT, 26:38:36 GMT,08:10:57,8.18,"Sun, 29 Apr 2018 00:29:24 GMT",40.111,2_39_91_437_2018-04-28 18:27:38.875918,2,CA-317,2-39-91-437,America/Los_Angeles,,,
5bc91570f9af8b0dad3c062f,39,"Sat, 28 Apr 2018",18:34:01 GMT, 22:12:06 GMT,03:38:05,3.63,"Sat, 28 Apr 2018 22:12:00 GMT",12.963,2_39_78_367_2018-04-28 18:34:00.740784,2,CA-494,2-39-78-367,America/Los_Angeles,,,
5bc91570f9af8b0dad3c0630,39,"Sat, 28 Apr 2018",18:47:51 GMT,21:32:40 GMT,02:44:49,2.75,"Sat, 28 Apr 2018 21:08:59 GMT",13.913,2_39_138_29_2018-04-28 18:47:50.915110,2,CA-304,2-39-138-29,America/Los_Angeles,,,
5bc91570f9af8b0dad3c0631,39,"Sat, 28 Apr 2018", 19:04:50 GMT, 24:24:09 GMT,05:19:19,5.32,"Sat, 28 Apr 2018 20:50:27 GMT",5.99,2_39_79_377_2018-04-28 19:04:49.767132,2,CA-325,2-39-79-377,America/Los_Angeles,,,
5bc91570f9af8b0dad3c0632,39,"Sat, 28 Apr 2018", 19:41:57 GMT,22:10:25 GMT,02:28:28,2.47,"Sat, 28 Apr 2018 21:56:09 GMT",13.909,2_39_131_30_2018-04-28 19:41:56.533178,2,CA-305,2-39-131-30,America/Los_Angeles,,,
5bc91570f9af8b0dad3c0633,39,"Sat, 28 Apr 2018", 20:13:03 GMT,20:29:11 GMT,00:16:08,0.27,"Sat, 28 Apr 2018 20:29:06 GMT",1.745,2_39_125_21_2018-04-28 20:13:02.549509,2,CA-311,2-39-125-21,America/Los_Angeles,,,
5bc91570f9af8b0dad3c0634,39,"Sat, 28 Apr 2018", 20:31:30 GMT,20:52:11 GMT,00:20:41,0.34,"Sat, 28 Apr 2018 20:51:35 GMT",2.27,2_39_89_25_2018-04-28 20:31:29.511002,2,CA-315,2-39-89-25,America/Los_Angeles,,,
5bc91570f9af8b0dad3c0635,39,"Sat, 28 Apr 2018", 21:17:00 GMT, 24:14:51 GMT,02:57:51,2.96,"Sun, 29 Apr 2018 00:14:43 GMT",19.538,2_39_88_438_2018-04-28 21:16:59.958093,2,CA-502,2-39-88-438,America/Los_Angeles,,,
5bc91570f9af8b0dad3c0636,39,"Sat, 28 Apr 2018", 23:02:45 GMT,26:31:01 GMT,03:28:16,3.47,"Sun, 29 Apr 2018 01:18:50 GMT",6.942,2_39_138_29_2018-04-28 23:02:44.931767,2,CA-304,2-39-138-29,America/Los_Angeles,,,
5bc91570f9af8b0dad3c0637,39,"Sat, 28 Apr 2018", 23:41:00 GMT,29:27:44 GMT,05:46:44,5.78,"Sun, 29 Apr 2018 04:02:12 GMT",13.914,2_39_127_19_2018-04-28 23:41:00.349337,2,CA-309,2-39-127-19,America/Los_Angeles,,,
5bc91570f9af8b0dad3c0638,39,"Sun, 29 Apr 2018", 12:06:57 GMT,22:32:46 GMT,10:25:49,10.43,"Sun, 29 Apr 2018 06:15:12 GMT",40.858,2_39_95_27_2018-04-29 00:06:56.834646,2,CA-319,2-39-95-27,America/Los_Angeles,,,
5bc91570f9af8b0dad3c0639,39,"Sun, 29 Apr 2018", 00:27:02 GMT,04:25:27 GMT,03:58:25,3.97,"Sun, 29 Apr 2018 03:52:24 GMT",12.102,2_39_123_23_2018-04-29 00:27:02.301309,2,CA-313,2-39-123-23,America/Los_Angeles,,,
5bc91570f9af8b0dad3c063a,39,"Sun, 29 Apr 2018", 02:04:16 GMT, 03:54:48 GMT,01:50:32,1.84,"Sun, 29 Apr 2018 03:09:09 GMT",6.142,2_39_125_21_2018-04-29 02:04:16.269181,2,CA-311,2-39-125-21,America/Los_Angeles,,,
5bc91570f9af8b0dad3c063b,39,"Sun, 29 Apr 2018", 02:36:09 GMT, 04:36:48 GMT,02:00:39,2.01,"Sun, 29 Apr 2018 04:36:40 GMT",13.619,2_39_131_30_2018-04-29 02:36:09.068992,2,CA-305,2-39-131-30,America/Los_Angeles,,,
5bc91570f9af8b0dad3c063c,39,"Sun, 29 Apr 2018", 04:15:10 GMT,05:12:22 GMT,00:57:12,0.95,"Sun, 29 Apr 2018 05:12:14 GMT",5.355,2_39_125_21_2018-04-29 04:15:09.913647,2,CA-311,2-39-125-21,America/Los_Angeles,,,
5bc91570f9af8b0dad3c063d,39,"Sun, 29 Apr 2018", 05:42:04 GMT, 13:00:24 GMT,07:18:20,7.31,"Sun, 29 Apr 2018 13:00:22 GMT",17.25,2_39_78_367_2018-04-29 05:42:03.843732,2,CA-494,2-39-78-367,America/Los_Angeles,,,
5bc91596f9af8b0dad3c063e,39,"Sun, 29 Apr 2018", 16:26:36 GMT,17:40:25 GMT,01:13:29,1.22,"Sun, 29 Apr 2018 17:40:20 GMT",4.026,2_39_131_30_2018-04-29 16:26:35.599363,2,CA-305,2-39-131-30,America/Los_Angeles,,,
5bc91596f9af8b0dad3c063f,39,"Sun, 29 Apr 2018",17:25:14 GMT,20:09:04 GMT,02:43:50,2.73,"Sun, 29 Apr 2018 20:09:00 GMT",8.838,2_39_127_19_2018-04-29 17:25:13.845569,2,CA-309,2-39-127-19,America/Los_Angeles,,,
5bc91596f9af8b0dad3c0640,39,"Sun, 29 Apr 2018",17:59:14 GMT,19:28:30 GMT,01:29:16,1.49,"Sun, 29 Apr 2018 19:28:25 GMT",10.047,2_39_125_21_2018-04-29 17:59:13.994691,2,CA-311,2-39-125-21,America/Los_Angeles,,,
5bc91596f9af8b0dad3c0641,39,"Sun, 29 Apr 2018",18:30:36 GMT, 23:39:41 GMT,05:09:05,5.15,"Sun, 29 Apr 2018 21:46:26 GMT",13.595,2_39_131_30_2018-04-29 18:30:35.520787,2,CA-305,2-39-131-30,America/Los_Angeles,,,
5bc91596f9af8b0dad3c0642,39,"Sun, 29 Apr 2018",18:32:13 GMT, 20:28:44 GMT,01:56:31,1.94,"Sun, 29 Apr 2018 20:00:53 GMT",8.13,2_39_138_29_2018-04-29 18:32:13.495102,2,CA-304,2-39-138-29,America/Los_Angeles,,,
5bc91596f9af8b0dad3c0643,39,"Sun, 29 Apr 2018", 18:36:13 GMT,21:52:24 GMT,03:16:11,3.27,"Sun, 29 Apr 2018 21:52:17 GMT",11.632,2_39_78_367_2018-04-29 18:36:13.357144,2,CA-494,2-39-78-367,America/Los_Angeles,,,
5bc91596f9af8b0dad3c0644,39,"Sun, 29 Apr 2018",18:40:51 GMT,18:47:03 GMT,00:06:12,0.1,"Sun, 29 Apr 2018 18:46:58 GMT",0.644,2_39_90_26_2018-04-29 18:40:51.437323,2,CA-316,2-39-90-26,America/Los_Angeles,,,
5bc91596f9af8b0dad3c0645,39,"Sun, 29 Apr 2018",18:47:15 GMT, 24:13:56 GMT,05:26:41,5.44,"Sun, 29 Apr 2018 23:08:23 GMT",28.647,2_39_89_25_2018-04-29 18:47:15.365203,2,CA-315,2-39-89-25,America/Los_Angeles,,,
5bc91596f9af8b0dad3c0646,39,"Sun, 29 Apr 2018",18:53:39 GMT, 21:27:56 GMT,02:34:17,2.57,"Sun, 29 Apr 2018 21:28:55 GMT",13.919,2_39_123_23_2018-04-29 18:53:39.467975,2,CA-313,2-39-123-23,America/Los_Angeles,,,
5bc91596f9af8b0dad3c0647,39,"Sun, 29 Apr 2018", 19:32:58 GMT, 21:20:29 GMT,01:47:31,1.79,"Sun, 29 Apr 2018 21:20:21 GMT",11.826,2_39_139_28_2018-04-29 19:32:58.358117,2,CA-303,2-39-139-28,America/Los_Angeles,,,
5bc91596f9af8b0dad3c0648,39,"Sun, 29 Apr 2018", 20:09:21 GMT,21:23:42 GMT,01:14:21,1.24,"Sun, 29 Apr 2018 20:45:59 GMT",3.99,2_39_125_21_2018-04-29 20:09:20.726403,2,CA-311,2-39-125-21,America/Los_Angeles,,,
5bc91596f9af8b0dad3c0649,39,"Sun, 29 Apr 2018", 20:26:33 GMT,21:45:25 GMT,01:18:52,1.31,"Sun, 29 Apr 2018 21:45:13 GMT",8.84,2_39_127_19_2018-04-29 20:26:32.616385,2,CA-309,2-39-127-19,America/Los_Angeles,,,
5bc91596f9af8b0dad3c064a,39,"Sun, 29 Apr 2018", 20:27:25 GMT, 20:39:49 GMT,00:12:24,0.21,"Sun, 29 Apr 2018 20:39:41 GMT",1.16,2_39_130_31_2018-04-29 20:27:24.854899,2,CA-306,2-39-130-31,America/Los_Angeles,,,
5bc91596f9af8b0dad3c064b,39,"Sun, 29 Apr 2018", 21:02:34 GMT, 27:04:08 GMT,06:01:34,6.03,"Mon, 30 Apr 2018 02:55:43 GMT",13.927,2_39_126_20_2018-04-29 21:02:33.552100,2,CA-310,2-39-126-20,America/Los_Angeles,,,
5bc91596f9af8b0dad3c064c,39,"Sun, 29 Apr 2018", 21:22:44 GMT,21:40:17 GMT,00:17:33,0.29,"Sun, 29 Apr 2018 21:40:12 GMT",1.909,2_39_124_22_2018-04-29 21:22:44.282759,2,CA-312,2-39-124-22,America/Los_Angeles,,,
5bc91596f9af8b0dad3c064d,39,"Sun, 29 Apr 2018", 21:28:04 GMT, 24:01:57 GMT,02:33:53,2.56,"Sun, 29 Apr 2018 23:56:26 GMT",13.904,2_39_123_23_2018-04-29 21:28:04.065966,2,CA-313,2-39-123-23,America/Los_Angeles,,,
5bc91596f9af8b0dad3c064e,39,"Sun, 29 Apr 2018", 21:47:40 GMT, 24:38:30 GMT,02:50:50,2.85,"Sun, 29 Apr 2018 23:34:19 GMT",4.767,2_39_130_31_2018-04-29 21:47:40.472907,2,CA-306,2-39-130-31,America/Los_Angeles,,,
5bc91596f9af8b0dad3c064f,39,"Sun, 29 Apr 2018",22:00:37 GMT,22:42:00 GMT,00:41:23,0.69,"Sun, 29 Apr 2018 22:41:55 GMT",2.303,2_39_139_28_2018-04-29 22:00:37.095335,2,CA-303,2-39-139-28,America/Los_Angeles,,,
5bc91596f9af8b0dad3c0650,39,"Sun, 29 Apr 2018", 21:40:54 GMT,21:46:42 GMT,01:05:48,1.1,"Mon, 30 Apr 2018 02:48:53 GMT",25.761,2_39_79_379_2018-04-29 22:40:53.930731,2,CA-327,2-39-79-379,America/Los_Angeles,,,
5bc91596f9af8b0dad3c0651,39,"Sun, 29 Apr 2018",23:10:58 GMT, 28:52:42 GMT,05:42:14,5.7,"Mon, 30 Apr 2018 02:27:51 GMT",2.684,2_39_78_361_2018-04-29 23:10:57.761144,2,CA-493,2-39-78-361,America/Los_Angeles,,,
5bc91596f9af8b0dad3c0652,39,"Sun, 29 Apr 2018",23:44:39 GMT, 27:31:38 GMT,03:46:59,3.78,"Mon, 30 Apr 2018 03:31:34 GMT",13.076,2_39_139_28_2018-04-29 23:44:39.140654,2,CA-303,2-39-139-28,America/Los_Angeles,,,
5bc91596f9af8b0dad3c0653,39,"Sun, 29 Apr 2018", 23:53:59 GMT, 24:26:26 GMT,00:32:27,0.54,"Mon, 30 Apr 2018 00:26:17 GMT",3.504,2_39_138_29_2018-04-29 23:53:59.304392,2,CA-304,2-39-138-29,America/Los_Angeles,,,
5bc91596f9af8b0dad3c0654,39,"Mon, 30 Apr 2018", 00:32:15 GMT, 04:40:27 GMT,04:08:12,4.14,"Mon, 30 Apr 2018 04:32:53 GMT",13.91,2_39_127_19_2018-04-30 00:32:14.963750,2,CA-309,2-39-127-19,America/Los_Angeles,,,
5bc91596f9af8b0dad3c0655,39,"Mon, 30 Apr 2018", 00:32:40 GMT, 04:54:16 GMT,04:21:36,4.36,"Mon, 30 Apr 2018 01:18:48 GMT",2.552,2_39_138_29_2018-04-30 00:32:40.418558,2,CA-304,2-39-138-29,America/Los_Angeles,,,
5bc91596f9af8b0dad3c0656,39,"Mon, 30 Apr 2018", 00:40:53 GMT,02:53:26 GMT,02:12:33,2.21,"Mon, 30 Apr 2018 02:53:19 GMT",13.853,2_39_128_18_2018-04-30 00:40:53.135472,2,CA-308,2-39-128-18,America/Los_Angeles,,,
5bc91596f9af8b0dad3c0657,39,"Mon, 30 Apr 2018", 00:52:53 GMT, 03:42:42 GMT,02:49:49,2.83,"Mon, 30 Apr 2018 01:40:49 GMT",1.544,2_39_89_25_2018-04-30 00:52:53.102075,2,CA-315,2-39-89-25,America/Los_Angeles,,,
5bc91596f9af8b0dad3c0658,39,"Mon, 30 Apr 2018", 02:19:40 GMT, 02:54:52 GMT,00:35:12,0.59,"Mon, 30 Apr 2018 02:54:47 GMT",3.811,2_39_79_376_2018-04-30 02:19:39.707354,2,CA-324,2-39-79-376,America/Los_Angeles,,,
5bc91596f9af8b0dad3c0659,39,"Mon, 30 Apr 2018",03:42:53 GMT, 13:06:08 GMT,09:23:15,9.39,"Mon, 30 Apr 2018 06:41:15 GMT",10.44,2_39_79_376_2018-04-30 03:42:52.604675,2,CA-324,2-39-79-376,America/Los_Angeles,,,
5bc91596f9af8b0dad3c065a,39,"Mon, 30 Apr 2018", 06:56:41 GMT, 12:33:14 GMT,05:36:33,5.61,"Mon, 30 Apr 2018 12:32:58 GMT",13.016,2_39_138_566_2018-04-30 06:56:41.499872,2,CA-512,2-39-138-566,America/Los_Angeles,,,
5bc915caf9af8b0dad3c065b,39,"Mon, 30 Apr 2018", 13:21:35 GMT, 14:22:47 GMT,01:01:02,1.02,"Mon, 30 Apr 2018 14:22:43 GMT",3.51,2_39_131_30_2018-04-30 13:21:34.651212,2,CA-305,2-39-131-30,America/Los_Angeles,,,
5bc915caf9af8b0dad3c065c,39,"Mon, 30 Apr 2018",13:55:57 GMT, 23:09:48 GMT,09:13:51,9.23,"Mon, 30 Apr 2018 15:52:03 GMT",10.083,2_39_79_380_2018-04-30 13:55:56.532322,2,CA-489,2-39-79-380,America/Los_Angeles,,,
5bc915caf9af8b0dad3c065d,39,"Mon, 30 Apr 2018", 14:56:42 GMT, 25:29:55 GMT,10:33:13,10.55,"Mon, 30 Apr 2018 18:05:58 GMT",10.81,2_39_95_27_2018-04-30 14:56:42.084943,2,CA-319,2-39-95-27,America/Los_Angeles,,,
5bc915caf9af8b0dad3c065e,39,"Mon, 30 Apr 2018", 15:04:34 GMT, 24:07:27 GMT,09:00:00,9,"Mon, 30 Apr 2018 17:03:22 GMT",6.249,2_39_78_366_2018-04-30 15:04:33.947158,2,CA-323,2-39-78-366,America/Los_Angeles,,,
5bc915caf9af8b0dad3c065f,39,"Mon, 30 Apr 2018",15:07:26 GMT, 22:43:14 GMT,07:35:48,7.6,"Mon, 30 Apr 2018 18:36:25 GMT",16.386,2_39_79_381_2018-04-30 15:07:26.419369,2,CA-490,2-39-79-381,America/Los_Angeles,,,
5bc915caf9af8b0dad3c0660,39,"Mon, 30 Apr 2018",15:07:49 GMT,24:27:55 GMT,09:21:36,9.36,"Tue, 01 May 2018 00:27:51 GMT",47.808,2_39_88_24_2018-04-30 15:07:48.608581,2,CA-314,2-39-88-24,America/Los_Angeles,22,,"[{'WhPerMile': 350, 'kWhRequested': 59.5, 'milesRequested': 170, 'minutesAvailable': 550, 'modifiedAt': 'Mon, 30 Apr 2018 15:08:54 GMT', 'paymentRequired': True, 'requestedDeparture': 'Tue, 01 May 2018 00:17:49 GMT', 'userID': 22}]"
5bc915caf9af8b0dad3c0661,39,"Mon, 30 Apr 2018", 15:13:47 GMT, 23:48:38 GMT,08:34:51,8.58,"Mon, 30 Apr 2018 16:14:44 GMT",3.566,2_39_79_377_2018-04-30 15:13:47.385909,2,CA-325,2-39-79-377,America/Los_Angeles,,,
5bc915caf9af8b0dad3c0662,39,"Mon, 30 Apr 2018", 15:13:48 GMT, 24:03:46 GMT,08:49:58,8.83,"Mon, 30 Apr 2018 16:58:47 GMT",5.326,2_39_130_31_2018-04-30 15:13:48.377299,2,CA-306,2-39-130-31,America/Los_Angeles,,,
5bc915caf9af8b0dad3c0663,39,"Mon, 30 Apr 2018",15:14:18 GMT, 28:07:19 GMT,12:53:01,12.88,"Mon, 30 Apr 2018 16:15:37 GMT",1.948,2_39_78_363_2018-04-30 15:14:18.315474,2,CA-320,2-39-78-363,America/Los_Angeles,,,
5bc915caf9af8b0dad3c0664,39,"Mon, 30 Apr 2018", 15:26:12 GMT,23:04:07 GMT,07:37:55,7.63,"Mon, 30 Apr 2018 17:01:46 GMT",6.962,2_39_127_19_2018-04-30 15:26:12.477582,2,CA-309,2-39-127-19,America/Los_Angeles,,,
5bc915caf9af8b0dad3c0665,39,"Mon, 30 Apr 2018",15:27:36 GMT,19:31:44 GMT,04:05:08,4.09,,11.676,2_39_138_29_2018-04-30 15:27:36.253326,2,CA-304,2-39-138-29,America/Los_Angeles,,,
5bc915caf9af8b0dad3c0666,39,"Mon, 30 Apr 2018", 15:32:40 GMT, 19:03:14 GMT,03:30:34,3.51,"Mon, 30 Apr 2018 19:03:10 GMT",4.761,2_39_79_382_2018-04-30 15:32:40.483238,2,CA-491,2-39-79-382,America/Los_Angeles,,,
5bc915caf9af8b0dad3c0667,39,"Mon, 30 Apr 2018",15:34:27 GMT, 25:06:20 GMT,09:31:53,9.53,"Mon, 30 Apr 2018 17:34:42 GMT",4.451,2_39_78_365_2018-04-30 15:34:27.009333,2,CA-321,2-39-78-365,America/Los_Angeles,,,
5bc915caf9af8b0dad3c0668,39,"Mon, 30 Apr 2018",15:36:43 GMT,19:56:52 GMT,04:20:09,4.34,"Mon, 30 Apr 2018 18:06:04 GMT",5.494,2_39_139_28_2018-04-30 15:36:43.210995,2,CA-303,2-39-139-28,America/Los_Angeles,,,
5bc915caf9af8b0dad3c0669,39,"Mon, 30 Apr 2018",15:38:58 GMT, 23:54:03 GMT,08:15:05,8.25,"Mon, 30 Apr 2018 17:12:37 GMT",5.453,2_39_79_383_2018-04-30 15:38:57.721435,2,CA-492,2-39-79-383,America/Los_Angeles,,,
5bc915caf9af8b0dad3c066a,39,"Mon, 30 Apr 2018", 15:47:29 GMT, 24:04:36 GMT,08:17:07,8.29,"Mon, 30 Apr 2018 17:46:33 GMT",6.124,2_39_92_442_2018-04-30 15:47:29.311801,2,CA-498,2-39-92-442,America/Los_Angeles,,,
5bc915caf9af8b0dad3c066b,39,"Mon, 30 Apr 2018", 15:47:36 GMT,24:37:31 GMT,08:49:55,8.83,"Tue, 01 May 2018 00:31:53 GMT",2.69,2_39_78_361_2018-04-30 15:47:36.417223,2,CA-493,2-39-78-361,America/Los_Angeles,,,
5bc915caf9af8b0dad3c066c,39,"Mon, 30 Apr 2018", 15:59:08 GMT, 24:47:31 GMT,08:48:23,8.81,"Mon, 30 Apr 2018 19:33:22 GMT",10.51,2_39_124_22_2018-04-30 15:59:08.265593,2,CA-312,2-39-124-22,America/Los_Angeles,,,
5bc915caf9af8b0dad3c066d,39,"Mon, 30 Apr 2018", 16:00:56 GMT, 18:31:50 GMT,02:30:54,2.52,"Mon, 30 Apr 2018 17:20:19 GMT",2.575,2_39_79_376_2018-04-30 16:00:55.726494,2,CA-324,2-39-79-376,America/Los_Angeles,,,
5bc915caf9af8b0dad3c066e,39,"Mon, 30 Apr 2018", 16:06:02 GMT, 24:58:49 GMT,08:52:47,8.88,"Mon, 30 Apr 2018 20:07:32 GMT",8.189,2_39_78_367_2018-04-30 16:06:02.025144,2,CA-494,2-39-78-367,America/Los_Angeles,,,
5bc915caf9af8b0dad3c066f,39,"Mon, 30 Apr 2018",16:09:14 GMT, 24:19:21 GMT,08:10:07,8.17,"Mon, 30 Apr 2018 17:52:46 GMT",5.206,2_39_91_437_2018-04-30 16:09:13.705124,2,CA-317,2-39-91-437,America/Los_Angeles,,,
5bc915caf9af8b0dad3c0670,39,"Mon, 30 Apr 2018", 16:31:30 GMT, 22:48:10 GMT,06:16:40,6.28,"Mon, 30 Apr 2018 22:48:05 GMT",12.332,2_39_90_440_2018-04-30 16:31:29.713859,2,CA-500,2-39-90-440,America/Los_Angeles,,,
5bc915caf9af8b0dad3c0671,39,"Mon, 30 Apr 2018", 16:44:10 GMT, 25:29:30 GMT,08:45:20,8.76,"Tue, 01 May 2018 01:20:21 GMT",15.947,2_39_78_360_2018-04-30 16:44:10.253778,2,CA-322,2-39-78-360,America/Los_Angeles,,,
5bc915caf9af8b0dad3c0672,39,"Mon, 30 Apr 2018",16:51:36 GMT,19:38:10 GMT,02:46:34,2.78,"Mon, 30 Apr 2018 18:25:41 GMT",3.354,2_39_78_364_2018-04-30 16:51:35.686836,2,CA-495,2-39-78-364,America/Los_Angeles,,,
5bc915caf9af8b0dad3c0673,39,"Mon, 30 Apr 2018", 17:25:34 GMT, 25:15:04 GMT,07:49:30,7.83,"Mon, 30 Apr 2018 19:56:41 GMT",14.355,2_39_89_439_2018-04-30 17:25:33.787163,2,CA-501,2-39-89-439,America/Los_Angeles,,,
5bc915caf9af8b0dad3c0674,39,"Mon, 30 Apr 2018",17:30:28 GMT, 23:25:16 GMT,05:54:48,5.91,"Mon, 30 Apr 2018 20:41:55 GMT",20.865,2_39_88_438_2018-04-30 17:30:27.924466,2,CA-502,2-39-88-438,America/Los_Angeles,,,
5bc915caf9af8b0dad3c0675,39,"Mon, 30 Apr 2018",17:33:01 GMT,24:34:19 GMT,07:01:18,7.02,"Tue, 01 May 2018 00:35:16 GMT",8.331,2_39_78_362_2018-04-30 17:33:00.541021,2,CA-496,2-39-78-362,America/Los_Angeles,,,
5bc915caf9af8b0dad3c0676,39,"Mon, 30 Apr 2018",17:42:24 GMT, 26:49:30 GMT,09:07:06,9.12,"Mon, 30 Apr 2018 18:43:40 GMT",1.93,2_39_123_23_2018-04-30 17:42:23.997600,2,CA-313,2-39-123-23,America/Los_Angeles,,,
5bc915caf9af8b0dad3c0677,39,"Mon, 30 Apr 2018", 17:52:21 GMT,23:39:55 GMT,05:47:34,5.79,"Mon, 30 Apr 2018 23:39:51 GMT",15.629,2_39_92_436_2018-04-30 17:52:20.885279,2,CA-318,2-39-92-436,America/Los_Angeles,,,
5bc915caf9af8b0dad3c0678,39,"Mon, 30 Apr 2018", 18:45:38 GMT, 23:22:23 GMT,04:36:45,4.61,"Mon, 30 Apr 2018 18:46:27 GMT",0.586012778,2_39_95_444_2018-04-30 18:45:38.019636,2,CA-497,2-39-95-444,America/Los_Angeles,,,
5bc915caf9af8b0dad3c0679,39,"Mon, 30 Apr 2018",19:02:14 GMT,27:40:19 GMT,08:38:05,8.63,"Tue, 01 May 2018 01:57:39 GMT",2.554,2_39_91_441_2018-04-30 19:02:14.276934,2,CA-499,2-39-91-441,America/Los_Angeles,,,
5bc915caf9af8b0dad3c067a,39,"Mon, 30 Apr 2018",19:37:54 GMT, 25:58:11 GMT,06:20:17,6.34,"Mon, 30 Apr 2018 21:44:15 GMT",6.878,2_39_79_376_2018-04-30 19:37:53.917512,2,CA-324,2-39-79-376,America/Los_Angeles,,,
5bc915caf9af8b0dad3c067b,39,"Mon, 30 Apr 2018",19:53:33 GMT, 23:44:52 GMT,03:51:19,3.86,"Mon, 30 Apr 2018 20:40:58 GMT",1.308,2_39_79_382_2018-04-30 19:53:32.706440,2,CA-491,2-39-79-382,America/Los_Angeles,,,
5bc915caf9af8b0dad3c067c,39,"Mon, 30 Apr 2018",20:29:50 GMT, 23:41:13 GMT,03:11:23,3.19,"Mon, 30 Apr 2018 23:41:08 GMT",8.494,2_39_90_26_2018-04-30 20:29:49.601092,2,CA-316,2-39-90-26,America/Los_Angeles,,,
5bc915caf9af8b0dad3c067d,39,"Mon, 30 Apr 2018",20:50:42 GMT, 25:32:05 GMT,04:41:23,4.69,"Mon, 30 Apr 2018 21:20:42 GMT",0.923,2_39_78_364_2018-04-30 20:50:41.803156,2,CA-495,2-39-78-364,America/Los_Angeles,,,
5bc915caf9af8b0dad3c067e,39,"Mon, 30 Apr 2018",21:06:42 GMT, 25:25:41 GMT,04:18:59,4.32,"Tue, 01 May 2018 01:21:00 GMT",13.975,2_39_138_29_2018-04-30 21:06:42.417195,2,CA-304,2-39-138-29,America/Los_Angeles,,,
5bc915caf9af8b0dad3c067f,39,"Mon, 30 Apr 2018",21:10:09 GMT, 23:06:51 GMT,01:56:42,1.95,"Mon, 30 Apr 2018 22:00:15 GMT",2.334,2_39_123_557_2018-04-30 21:10:08.827993,2,CA-503,2-39-123-557,America/Los_Angeles,,,
5bc915caf9af8b0dad3c0680,39,"Mon, 30 Apr 2018", 21:18:08 GMT,22:15:25 GMT,00:57:17,0.95,"Mon, 30 Apr 2018 22:15:22 GMT",4.14,2_39_130_564_2018-04-30 21:18:08.506221,2,CA-510,2-39-130-564,America/Los_Angeles,,,
5bc915caf9af8b0dad3c0681,39,"Mon, 30 Apr 2018", 22:32:52 GMT,23:09:12 GMT,00:36:20,0.61,"Mon, 30 Apr 2018 23:09:03 GMT",1.813,2_39_79_379_2018-04-30 22:32:52.351226,2,CA-327,2-39-79-379,America/Los_Angeles,,,
5bc915caf9af8b0dad3c0682,39,"Mon, 30 Apr 2018", 22:41:33 GMT,23:19:15 GMT,00:37:42,0.63,"Mon, 30 Apr 2018 23:19:07 GMT",1.842,2_39_130_564_2018-04-30 22:41:33.095029,2,CA-510,2-39-130-564,America/Los_Angeles,,,
5bc915caf9af8b0dad3c0683,39,"Mon, 30 Apr 2018", 23:19:28 GMT,25:58:32 GMT,02:39:04,2.65,"Tue, 01 May 2018 00:56:23 GMT",4.824,2_39_79_380_2018-04-30 23:19:27.598104,2,CA-489,2-39-79-380,America/Los_Angeles,,,
5bc915caf9af8b0dad3c0684,39,"Tue, 01 May 2018",00:31:56 GMT, 02:10:54 GMT,01:27:23,1.46,"Tue, 01 May 2018 02:10:50 GMT",5.777,2_39_92_442_2018-05-01 00:31:55.766923,2,CA-498,2-39-92-442,America/Los_Angeles,,,
5bc915caf9af8b0dad3c0685,39,"Tue, 01 May 2018",00:43:31 GMT, 04:21:07 GMT,03:37:36,3.63,"Tue, 01 May 2018 04:21:02 GMT",12.846,2_39_131_30_2018-05-01 00:43:31.213098,2,CA-305,2-39-131-30,America/Los_Angeles,,,
5bc915caf9af8b0dad3c0686,39,"Tue, 01 May 2018",01:00:22 GMT,13:08:34 GMT,12:08:12,12.14,"Tue, 01 May 2018 06:11:29 GMT",13.932,2_39_127_19_2018-05-01 01:00:22.472519,2,CA-309,2-39-127-19,America/Los_Angeles,,,
5bc915caf9af8b0dad3c0687,39,"Tue, 01 May 2018",01:14:27 GMT,01:23:58 GMT,00:09:31,0.16,"Tue, 01 May 2018 01:22:27 GMT",0.801,2_39_129_17_2018-05-01 01:14:26.538688,2,CA-307,2-39-129-17,America/Los_Angeles,,,
5bc915caf9af8b0dad3c0688,39,"Tue, 01 May 2018",01:27:39 GMT, 01:45:35 GMT,00:17:56,0.3,"Tue, 01 May 2018 01:45:30 GMT",1.868,2_39_138_29_2018-05-01 01:27:39.049762,2,CA-304,2-39-138-29,America/Los_Angeles,,,
5bc915caf9af8b0dad3c0689,39,"Tue, 01 May 2018",01:31:03 GMT, 02:09:45 GMT,00:38:42,0.65,"Tue, 01 May 2018 02:09:33 GMT",1.851,2_39_129_17_2018-05-01 01:31:03.442958,2,CA-307,2-39-129-17,America/Los_Angeles,,,
5bc915caf9af8b0dad3c068a,39,"Tue, 01 May 2018", 01:35:22 GMT, 03:11:51 GMT,01:36:29,1.61,"Tue, 01 May 2018 03:11:47 GMT",10.868,2_39_125_21_2018-05-01 01:35:22.341341,2,CA-311,2-39-125-21,America/Los_Angeles,,,
5bc915caf9af8b0dad3c068b,39,"Tue, 01 May 2018", 01:48:07 GMT, 03:20:51 GMT,01:32:44,1.55,"Tue, 01 May 2018 03:16:46 GMT",9.055,2_39_139_28_2018-05-01 01:48:07.005869,2,CA-303,2-39-139-28,America/Los_Angeles,,,
5bc915caf9af8b0dad3c068c,39,"Tue, 01 May 2018", 02:10:29 GMT,05:10:38 GMT,03:00:09,3,"Tue, 01 May 2018 03:21:05 GMT",7.06,2_39_79_380_2018-05-01 02:10:29.102131,2,CA-489,2-39-79-380,America/Los_Angeles,,,
5bc915caf9af8b0dad3c068d,39,"Tue, 01 May 2018", 03:08:47 GMT,16:47:55 GMT,13:39:08,13.65,"Tue, 01 May 2018 05:08:54 GMT",6.505,2_39_79_379_2018-05-01 03:08:47.017440,2,CA-327,2-39-79-379,America/Los_Angeles,,,
5bc915caf9af8b0dad3c068e,39,"Tue, 01 May 2018", 04:55:59 GMT,19:33:43 GMT,14:37:44,14.63,"Tue, 01 May 2018 19:32:11 GMT",23.00731889,2_39_138_566_2018-05-01 04:55:58.860904,2,CA-512,2-39-138-566,America/Los_Angeles,,,
5bc915caf9af8b0dad3c068f,39,"Tue, 01 May 2018", 05:44:03 GMT,15:30:30 GMT,09:46:27,9.77,"Tue, 01 May 2018 15:24:27 GMT",13.91,2_39_129_17_2018-05-01 05:44:03.135899,2,CA-307,2-39-129-17,America/Los_Angeles,,,
5bc9160af9af8b0dad3c0690,39,"Tue, 01 May 2018", 13:23:18 GMT, 25:53:41 GMT,12:30:23,12.51,"Tue, 01 May 2018 17:17:07 GMT",13.41,2_39_95_27_2018-05-01 13:23:18.374684,2,CA-319,2-39-95-27,America/Los_Angeles,,,
5bc9160af9af8b0dad3c0691,39,"Tue, 01 May 2018", 13:54:34 GMT,23:15:35 GMT,09:21:01,9.35,"Tue, 01 May 2018 15:35:39 GMT",8.618,2_39_79_380_2018-05-01 13:54:33.599590,2,CA-489,2-39-79-380,America/Los_Angeles,,,
5bc9160af9af8b0dad3c0692,39,"Tue, 01 May 2018", 14:46:04 GMT, 24:54:07 GMT,10:08:03,10.13,"Tue, 01 May 2018 23:57:02 GMT",13.969,2_39_139_28_2018-05-01 14:46:04.441389,2,CA-303,2-39-139-28,America/Los_Angeles,,,
5bc9160af9af8b0dad3c0693,39,"Tue, 01 May 2018", 14:56:29 GMT, 21:52:45 GMT,06:56:16,6.94,"Tue, 01 May 2018 16:07:56 GMT",6.914,2_39_79_378_2018-05-01 14:56:28.908623,2,CA-326,2-39-79-378,America/Los_Angeles,,,
5bc9160af9af8b0dad3c0694,39,"Tue, 01 May 2018", 15:14:50 GMT, 22:51:30 GMT,07:36:40,7.61,"Tue, 01 May 2018 20:18:12 GMT",13.785,2_39_88_24_2018-05-01 15:14:50.443137,2,CA-314,2-39-88-24,America/Los_Angeles,,,
5bc9160af9af8b0dad3c0695,39,"Tue, 01 May 2018", 15:21:17 GMT, 24:31:28 GMT,09:10:11,9.17,"Tue, 01 May 2018 15:34:52 GMT",0.618,2_39_79_376_2018-05-01 15:21:17.139837,2,CA-324,2-39-79-376,America/Los_Angeles,,,
5bc9160af9af8b0dad3c0696,39,"Tue, 01 May 2018",15:21:34 GMT,24:56:59 GMT,09:35:25,9.59,"Tue, 01 May 2018 18:25:43 GMT",14.112,2_39_91_441_2018-05-01 15:21:33.907284,2,CA-499,2-39-91-441,America/Los_Angeles,,,
5bc9160af9af8b0dad3c0697,39,"Tue, 01 May 2018",15:21:52 GMT,25:36:25 GMT,10:14:33,10.24,"Wed, 02 May 2018 01:27:12 GMT",1.051,2_39_79_381_2018-05-01 15:21:51.892947,2,CA-490,2-39-79-381,America/Los_Angeles,,,
5bc9160af9af8b0dad3c0698,39,"Tue, 01 May 2018",15:22:40 GMT,24:42:44 GMT,09:20:04,9.33,"Tue, 01 May 2018 17:20:52 GMT",6.102,2_39_78_365_2018-05-01 15:22:39.533595,2,CA-321,2-39-78-365,America/Los_Angeles,,,
5bc9160af9af8b0dad3c0699,39,"Tue, 01 May 2018",15:28:52 GMT, 20:16:01 GMT,04:47:09,4.79,"Tue, 01 May 2018 18:16:47 GMT",8.063,2_39_79_382_2018-05-01 15:28:51.643194,2,CA-491,2-39-79-382,America/Los_Angeles,,,
5bc9160af9af8b0dad3c069a,39,"Tue, 01 May 2018",15:35:21 GMT, 24:13:06 GMT,08:37:45,8.63,"Tue, 01 May 2018 16:42:38 GMT",2.854,2_39_79_383_2018-05-01 15:35:20.929143,2,CA-492,2-39-79-383,America/Los_Angeles,,,
5bc9160af9af8b0dad3c069b,39,"Tue, 01 May 2018", 15:40:10 GMT, 19:41:04 GMT,04:00:54,4.02,"Tue, 01 May 2018 18:02:25 GMT",4.987,2_39_131_30_2018-05-01 15:40:09.591026,2,CA-305,2-39-131-30,America/Los_Angeles,,,
5bc9160af9af8b0dad3c069c,39,"Tue, 01 May 2018", 15:40:44 GMT, 25:04:56 GMT,09:24:12,9.4,"Tue, 01 May 2018 17:25:25 GMT",4.56,2_39_78_366_2018-05-01 15:40:44.351048,2,CA-323,2-39-78-366,America/Los_Angeles,,,
5bc9160af9af8b0dad3c069d,39,"Tue, 01 May 2018", 15:41:08 GMT,22:57:08 GMT,07:16:00,7.27,"Tue, 01 May 2018 17:22:55 GMT",3.562,2_39_127_19_2018-05-01 15:41:07.863853,2,CA-309,2-39-127-19,America/Los_Angeles,,,
5bc9160af9af8b0dad3c069e,39,"Tue, 01 May 2018", 15:41:44 GMT, 17:27:03 GMT,01:45:19,1.76,"Tue, 01 May 2018 17:26:59 GMT",3.371,2_39_125_21_2018-05-01 15:41:44.231612,2,CA-311,2-39-125-21,America/Los_Angeles,,,
5bc9160af9af8b0dad3c069f,39,"Tue, 01 May 2018", 16:00:33 GMT,29:10:18 GMT,13:09:45,13.16,"Tue, 01 May 2018 18:59:54 GMT",8.657,2_39_78_367_2018-05-01 16:00:32.532403,2,CA-494,2-39-78-367,America/Los_Angeles,,,
5bc9160af9af8b0dad3c06a0,39,"Tue, 01 May 2018", 16:02:22 GMT,24:32:29 GMT,08:30:07,8.5,"Tue, 01 May 2018 17:07:42 GMT",3.058,2_39_79_377_2018-05-01 16:02:22.067499,2,CA-325,2-39-79-377,America/Los_Angeles,,,
5bc9160af9af8b0dad3c06a1,39,"Tue, 01 May 2018",16:09:03 GMT, 23:39:40 GMT,07:30:37,7.51,"Tue, 01 May 2018 23:39:31 GMT",24.716,2_39_90_440_2018-05-01 16:09:02.854274,2,CA-500,2-39-90-440,America/Los_Angeles,,,
5bc9160af9af8b0dad3c06a2,39,"Tue, 01 May 2018", 16:10:59 GMT, 23:17:00 GMT,07:06:01,7.1,"Tue, 01 May 2018 23:16:42 GMT",21.525,2_39_90_26_2018-05-01 16:10:59.167379,2,CA-316,2-39-90-26,America/Los_Angeles,,,
5bc9160af9af8b0dad3c06a3,39,"Tue, 01 May 2018", 16:18:17 GMT, 23:56:44 GMT,07:38:27,7.64,"Tue, 01 May 2018 17:51:41 GMT",2.597,2_39_78_364_2018-05-01 16:18:16.694690,2,CA-495,2-39-78-364,America/Los_Angeles,,,
5bc9160af9af8b0dad3c06a4,39,"Tue, 01 May 2018", 16:18:54 GMT, 24:25:09 GMT,08:06:15,8.1,"Wed, 02 May 2018 00:26:07 GMT",28.691,2_39_78_362_2018-05-01 16:18:53.512595,2,CA-496,2-39-78-362,America/Los_Angeles,,,
5bc9160af9af8b0dad3c06a5,39,"Tue, 01 May 2018",16:20:24 GMT, 22:47:38 GMT,06:18:14,6.3,"Tue, 01 May 2018 18:58:36 GMT",7.899,2_39_92_436_2018-05-01 16:20:23.907285,2,CA-318,2-39-92-436,America/Los_Angeles,,,
5bc9160af9af8b0dad3c06a6,39,"Tue, 01 May 2018",16:25:35 GMT, 25:09:22 GMT,08:43:47,8.73,"Tue, 01 May 2018 19:22:58 GMT",6.91,2_39_95_444_2018-05-01 16:25:34.848901,2,CA-497,2-39-95-444,America/Los_Angeles,,,
5bc9160af9af8b0dad3c06a7,39,"Tue, 01 May 2018", 16:36:38 GMT,20:39:56 GMT,04:03:18,4.06,"Tue, 01 May 2018 20:39:46 GMT",10.386,2_39_78_363_2018-05-01 16:36:37.558935,2,CA-320,2-39-78-363,America/Los_Angeles,,,
5bc9160af9af8b0dad3c06a8,39,"Tue, 01 May 2018", 16:52:54 GMT, 25:05:41 GMT,08:12:37,8.21,"Tue, 01 May 2018 19:11:06 GMT",7.799,2_39_92_442_2018-05-01 16:52:53.742929,2,CA-498,2-39-92-442,America/Los_Angeles,,,
5bc9160af9af8b0dad3c06a9,39,"Tue, 01 May 2018",16:58:54 GMT, 25:05:19 GMT,08:06:25,8.11,"Tue, 01 May 2018 23:54:46 GMT",11.304,2_39_129_17_2018-05-01 16:58:53.921677,2,CA-307,2-39-129-17,America/Los_Angeles,,,
5bc9160af9af8b0dad3c06aa,39,"Tue, 01 May 2018",17:09:09 GMT, 24:22:14 GMT,07:13:05,7.22,"Tue, 01 May 2018 18:46:19 GMT",1.943,2_39_124_22_2018-05-01 17:09:09.120419,2,CA-312,2-39-124-22,America/Los_Angeles,,,
5bc9160af9af8b0dad3c06ab,39,"Tue, 01 May 2018",17:11:32 GMT, 20:10:03 GMT,02:58:31,2.98,"Tue, 01 May 2018 20:09:58 GMT",7.053,2_39_123_23_2018-05-01 17:11:32.081386,2,CA-313,2-39-123-23,America/Los_Angeles,,,
5bc9160af9af8b0dad3c06ac,39,"Tue, 01 May 2018", 17:28:59 GMT, 23:42:22 GMT,06:13:23,6.22,"Tue, 01 May 2018 23:42:19 GMT",10.43,2_39_138_29_2018-05-01 17:28:59.219125,2,CA-304,2-39-138-29,America/Los_Angeles,,,
